level,category,alpha,nominal_coverage,empirical_coverage,coverage_error_pp,n_observations
global,ALL,0.18925523528824775,0.5,0.5899506172839506,8.99506172839506,81000
global,ALL,0.18925523528824775,0.7,0.7719506172839506,7.1950617283950695,81000
global,ALL,0.18925523528824775,0.8,0.8576913580246913,5.769135802469128,81000
global,ALL,0.18925523528824775,0.9,0.9309506172839506,3.0950617283950543,81000
global,ALL,0.18925523528824775,0.95,0.9624074074074074,1.2407407407407423,81000
category,FOODS,0.2136187336981683,0.5,0.5590740740740741,5.907407407407406,27000
category,FOODS,0.2136187336981683,0.7,0.7611481481481481,6.114814814814817,27000
category,FOODS,0.2136187336981683,0.8,0.8534444444444444,5.344444444444441,27000
category,FOODS,0.2136187336981683,0.9,0.930074074074074,3.007407407407403,27000
category,FOODS,0.2136187336981683,0.95,0.9615555555555556,1.1555555555555652,27000
category,HOBBIES,0.2300488619936716,0.5,0.617,11.7,27000
category,HOBBIES,0.2300488619936716,0.7,0.7865555555555556,8.65555555555556,27000
category,HOBBIES,0.2300488619936716,0.8,0.870037037037037,7.003703703703701,27000
category,HOBBIES,0.2300488619936716,0.9,0.938037037037037,3.803703703703698,27000
category,HOBBIES,0.2300488619936716,0.95,0.9662592592592593,1.6259259259259307,27000
category,HOUSEHOLD,0.12668827470050142,0.5,0.5938148148148148,9.38148148148148,27000
category,HOUSEHOLD,0.12668827470050142,0.7,0.7674074074074074,6.740740740740748,27000
category,HOUSEHOLD,0.12668827470050142,0.8,0.849,4.899999999999993,27000
category,HOUSEHOLD,0.12668827470050142,0.9,0.9247777777777778,2.4777777777777787,27000
category,HOUSEHOLD,0.12668827470050142,0.95,0.9591111111111111,0.9111111111111181,27000
