epoch,train_loss,val_MAE,val_WAPE,val_Bias
1,0.4687335032841255,3.4375407744984567,0.4321561536511766,-0.12445214944694369
2,0.31836358473218723,3.248096034673997,0.40833979321718833,-0.0581866925905548
3,0.29477989426974593,3.1179233579282406,0.39197491873766116,-0.07857136205467588
4,0.2804006064760274,3.042343508873457,0.38247327235622514,-0.06140648753755979
5,0.27153804178895624,3.015118580005787,0.3790506451600152,-0.027012740379765206
6,0.2671836328917536,3.0257691695601854,0.3803896017332991,0.01589495494958917
7,0.2644495279624544,2.9745610532407407,0.37395188825263154,-0.06734825345264905
8,0.2602154602264536,2.9706024546682097,0.37345422645160065,-0.019979694600663348
9,0.2574375697251024,2.9756627001350306,0.3740903836235228,-0.0018905273658789458
10,0.25611705985562555,2.9968245141300156,0.37675077625310216,0.020913990814341324
11,0.25480413097759774,2.9346078016493053,0.3689290988033539,-0.040010279713754024
12,0.2525483406823257,2.9483500916280865,0.3706567336356871,-0.005157679772402399
13,0.25176100689789344,2.937261345003858,0.36926269341789847,-0.021379846045105122
14,0.25081322912512155,2.923928337191358,0.3675865121735635,-0.06373649576540495
15,0.24975498236458876,2.9198282214506173,0.36707105930644757,-0.03113460512648493
16,0.24902040937851216,2.9286601924189815,0.3681813852205901,-0.032183797554558705
17,0.24737286834881222,2.9132445083429785,0.36624337686717373,-0.035813349339250296
18,0.2468464056993353,2.916671754436728,0.3666742388079189,-0.03718019217334233
19,0.2461772535381646,2.9076477141203703,0.3655397665763628,-0.038038564883669405
20,0.24491658385457662,2.9009478804976854,0.36469748585348033,-0.031440277103872226
21,0.24421518845804807,2.9013388732156637,0.3647466401530775,-0.043217935569919416
22,0.24425372429962816,2.8945645495756174,0.36389499479381693,-0.032134181730032005
23,0.24402906853577186,2.891027922453704,0.3634503818352615,-0.05894119263595248
24,0.24207363087555459,2.900375331548997,0.3646255069104878,-0.04683692154087111
25,0.24217540292904294,2.9028311029128084,0.3649342382904047,-0.08357779048309344
26,0.24050684817906084,2.8867302035108025,0.36291008695305493,-0.039844071627553525
27,0.24002330498448735,2.8830478153935184,0.36244714940862727,-0.02409678343587907
28,0.23928147307757675,2.8882235845871915,0.36309782983793804,-0.01888011031928152
29,0.2389359918133966,2.8828765974633486,0.36242562446187254,-0.02911205586417789
30,0.2380945583869671,2.8756928891782407,0.36152251263132346,-0.04115812783202003
31,0.23760574706669513,2.8786140649112655,0.3618897530952878,-0.037705319633644575
32,0.23751306626303442,2.8813087565104167,0.3622285207298143,-0.022271613759611116
33,0.23749611069416177,2.874862015335648,0.3614180579448081,-0.047071486849804285
34,0.23691762994075644,2.879915135513117,0.36205331934913304,-0.017576871531636364
35,0.23585230482035668,2.880447796103395,0.36212028366083043,-0.04530810088684569
36,0.235792512215417,2.875028935185185,0.3614390425512101,-0.027782547289738883
37,0.23512164487920958,2.8910262044270834,0.36345016585068857,0.006237079727062917
38,0.23448473379529755,2.863589313271605,0.3600008914630626,-0.02627820034026922
39,0.23477989394089271,2.860968653549383,0.3596714308690281,-0.03489111946371367
40,0.2342642071945914,2.862329372829861,0.3598424959556775,-0.0415505983254657
41,0.2341749380374777,2.8742917269483024,0.36134636319204305,-0.048360449436098685
42,0.23388719157925966,2.862386947820216,0.359849734091313,-0.039985137593783075
43,0.23312168676277686,2.860393699363426,0.35959914954763345,-0.05444051974624635
44,0.23338253580290697,2.872156008873457,0.3610778678434626,-0.024888926939897346
45,0.23263383846858451,2.8624866898148147,0.35986227332199294,-0.02967364606743535
46,0.2322763697854404,2.8653145013503085,0.3602177763506393,-0.05049112739618287
47,0.23173577446362068,2.8621110628858024,0.3598150507581025,-0.023396164341943113
48,0.23141001432106412,2.8635419982156636,0.35999494317213987,-0.052948176991988276
49,0.23164671762236233,2.8673509958526235,0.360473797642832,-0.021520789241156375
50,0.2311100462387348,2.8645596727912808,0.36012288182337854,-0.03445376813385255
51,0.23130491417029808,2.8716612533757715,0.36101566883350067,-0.054627935243987326
52,0.2308828602577078,2.8618971354166667,0.35978815651064866,-0.04569716412892321
53,0.23017049914803997,2.8700753520447533,0.3608162946109845,-0.01485212686693124
54,0.22977183522849248,2.8551087360146603,0.35893474159357125,-0.04434118569777016
55,0.23022084534168244,2.858967025945216,0.35941979292690507,-0.062166059052298134
56,0.22979136294332045,2.8896673960744597,0.3632793409995115,0.015541802742505113
57,0.2296827490987449,2.8604724030671296,0.3596090439145957,-0.02182865440925973
58,0.22944542960873965,2.861314664110725,0.35971493016201733,-0.03695921343080772
59,0.22933618097469724,2.856388695987654,0.35909565388961145,-0.05929030252123991
60,0.22953790765384147,2.8634304229359566,0.35998091630034873,-0.05881303875798145
61,0.2283698502285727,2.866095558449074,0.36031596824238016,-0.04475180041102365
62,0.22857120520082014,2.861220003858025,0.3597030297909689,-0.06944137131657939
63,0.22879512310028077,2.865873697916667,0.3602880766766878,-0.05861377821155631
64,0.22915836993990274,2.8852003882137347,0.36271776367954434,-0.08253028955525403
65,0.22858965335221126,2.8673708164544753,0.3604762894227471,-0.03672340981032304
66,0.22743539563540754,2.8539800347222224,0.35879284503403663,-0.06683774625333304
67,0.22778358397812679,2.8658063814139663,0.36027961387063173,-0.021392739945189088
68,0.22784937764036245,2.864862594039352,0.3601609640717105,-0.041953849859383587
69,0.22731048279795155,2.8507362196180557,0.35838504342511557,-0.06336136011799906
70,0.22638054212619518,2.85624129533179,0.3590771231710942,-0.052388175222642656
71,0.2274044337971457,2.866686668113426,0.36039028057660105,-0.028319137847059472
72,0.2276110198991052,2.8633279320987652,0.3599680314943521,-0.02367090278144236
73,0.22659795941977665,2.857259608892747,0.3592051421534372,-0.0540146466702157
74,0.22656189511562216,2.868944848331404,0.3606741714571085,-0.024254271808057816
75,0.22718475882349343,2.863422345196759,0.35997990079393566,-0.04183230738286622
76,0.2263440451745329,2.862168523341049,0.35982227449476645,-0.027116129542387468
77,0.22616480270336414,2.882016788435571,0.36231753214044454,-0.07495699133301956
78,0.22587645619079985,2.861208465952932,0.3597015792840475,-0.04854476839712031
79,0.22546533901115945,2.8585750024112655,0.35937050903656415,-0.05463952565822761
80,0.22644524553726458,2.865234772858796,0.36020775315077386,-0.028207083534939142
