cat_id,model,predictions,absolute_error_units,signed_error_units,actual_units,MAE,WAPE_pct,bias_pct
FOODS,cross_store,3600,14652.752413253,-3170.024130955,45539.0,4.070209003681389,32.176271796159334,-6.961119328388854
FOODS,full,3600,14804.42899034,-2244.7250256,45539.0,4.112341386205555,32.509341422385205,-4.929236534838271
FOODS,lightgbm,3600,14916.647017250778,-295.4385567005245,45539.0,4.143513060347439,32.75576322987061,-0.6487594297207327
FOODS,node_only,3600,14732.406934182,-2523.023598358,45539.0,4.092335259495,32.35118675021849,-5.54035793135115
FOODS,seasonal_naive,3600,17236.0,-4.0,45539.0,4.7877777777777775,37.848876786929885,-0.008783679922703617
HOBBIES,cross_store,3600,8457.390005584,-1309.5098702559999,18822.0,2.3492750015511112,44.933535254404426,-6.957336469323132
HOBBIES,full,3600,8378.33597438,-1415.92783084,18822.0,2.3273155484388885,44.513526587929015,-7.522727822973116
HOBBIES,lightgbm,3600,8373.469674580638,203.45463791214158,18822.0,2.3259637984946218,44.48767226958154,1.0809405903312166
HOBBIES,node_only,3600,8362.074491251,-1361.582259883,18822.0,2.3227984697919446,44.42713043911912,-7.233993517601743
HOBBIES,seasonal_naive,3600,10240.0,-2.0,18822.0,2.8444444444444446,54.40442035915418,-0.010625863351397301
HOUSEHOLD,cross_store,3600,9347.42733575,-1139.36538576,25631.0,2.596507593263889,36.46922607682104,-4.445263102337013
HOUSEHOLD,full,3600,9481.2210888,-981.64579708,25631.0,2.633672524666667,36.99122581561391,-3.829916105809371
HOUSEHOLD,lightgbm,3600,9493.875090009371,368.3176793973248,25631.0,2.637187525002603,37.040595723964614,1.4370008169690016
HOUSEHOLD,node_only,3600,9382.265083696,-818.367375284,25631.0,2.6061847454711113,36.60514643867192,-3.192881180149038
HOUSEHOLD,seasonal_naive,3600,11231.0,-141.0,25631.0,3.1197222222222223,43.81803285084468,-0.5501150950021458
