scenario,weekly_budget,cat_id,model,week,demand_proxy_units,fulfilled_units,unmet_units,stockout_sku_days,replenishment_spend,fill_rate_pct
inventory_budget_36000,36000.0,FOODS,cross_store,1,7184.0,7046.0,138.0,57,3788.1059999999998,98.07906458797328
inventory_budget_36000,36000.0,FOODS,cross_store,2,7088.0,6777.0,311.0,136,11209.219,95.61230248306998
inventory_budget_36000,36000.0,FOODS,cross_store,3,7244.0,6773.0,471.0,171,12443.913999999999,93.49806736609608
inventory_budget_36000,36000.0,FOODS,cross_store,4,7944.0,7127.0,817.0,222,12484.815,89.71550855991944
inventory_budget_36000,36000.0,FOODS,cross_store,5,8251.0,7604.0,647.0,230,15732.052,92.15852623924373
inventory_budget_36000,36000.0,FOODS,cross_store,6,7828.0,7185.0,643.0,277,15310.652,91.78589678078691
inventory_budget_36000,36000.0,FOODS,full,1,7184.0,7041.0,143.0,60,4233.831,98.00946547884188
inventory_budget_36000,36000.0,FOODS,full,2,7088.0,6796.0,292.0,130,11193.644,95.8803611738149
inventory_budget_36000,36000.0,FOODS,full,3,7244.0,6771.0,473.0,173,12378.184,93.47045831032578
inventory_budget_36000,36000.0,FOODS,full,4,7944.0,7115.0,829.0,217,12858.475,89.56445115810675
inventory_budget_36000,36000.0,FOODS,full,5,8251.0,7687.0,564.0,197,16340.877,93.16446491334383
inventory_budget_36000,36000.0,FOODS,full,6,7828.0,7275.0,553.0,218,15060.535,92.93561573837506
inventory_budget_36000,36000.0,FOODS,lightgbm,1,7184.0,7055.0,129.0,52,4806.907,98.2043429844098
inventory_budget_36000,36000.0,FOODS,lightgbm,2,7088.0,6819.0,269.0,119,11816.993999999999,96.2048532731377
inventory_budget_36000,36000.0,FOODS,lightgbm,3,7244.0,6865.0,379.0,148,12355.434,94.76808393152955
inventory_budget_36000,36000.0,FOODS,lightgbm,4,7944.0,7263.0,681.0,180,13080.038999999999,91.42749244712991
inventory_budget_36000,36000.0,FOODS,lightgbm,5,8251.0,7698.0,553.0,210,16599.828,93.29778208701975
inventory_budget_36000,36000.0,FOODS,lightgbm,6,7828.0,7251.0,577.0,257,13803.811,92.62902401635156
inventory_budget_36000,36000.0,FOODS,node_only,1,7184.0,7030.0,154.0,63,3812.998,97.85634743875278
inventory_budget_36000,36000.0,FOODS,node_only,2,7088.0,6803.0,285.0,129,11805.283,95.97911963882619
inventory_budget_36000,36000.0,FOODS,node_only,3,7244.0,6805.0,439.0,172,12352.956,93.93981225842076
inventory_budget_36000,36000.0,FOODS,node_only,4,7944.0,7139.0,805.0,216,12426.868999999999,89.86656596173212
inventory_budget_36000,36000.0,FOODS,node_only,5,8251.0,7641.0,610.0,222,16180.78,92.60695673251728
inventory_budget_36000,36000.0,FOODS,node_only,6,7828.0,7156.0,672.0,268,15026.809,91.41543178334184
inventory_budget_36000,36000.0,FOODS,seasonal_naive,1,7184.0,6971.0,213.0,106,5406.982,97.03507795100222
inventory_budget_36000,36000.0,FOODS,seasonal_naive,2,7088.0,6754.0,334.0,169,12142.493999999999,95.28781038374717
inventory_budget_36000,36000.0,FOODS,seasonal_naive,3,7244.0,6819.0,425.0,168,12376.644,94.1330756488128
inventory_budget_36000,36000.0,FOODS,seasonal_naive,4,7944.0,7165.0,779.0,211,12294.436,90.19385699899296
inventory_budget_36000,36000.0,FOODS,seasonal_naive,5,8251.0,7432.0,819.0,317,16884.392,90.07393043267483
inventory_budget_36000,36000.0,FOODS,seasonal_naive,6,7828.0,6924.0,904.0,390,14812.259,88.4517118037813
inventory_budget_36000,36000.0,HOBBIES,cross_store,1,2861.0,2760.0,101.0,41,2550.2960000000003,96.4697658161482
inventory_budget_36000,36000.0,HOBBIES,cross_store,2,3062.0,2825.0,237.0,113,7493.1359999999995,92.25996080992815
inventory_budget_36000,36000.0,HOBBIES,cross_store,3,3165.0,2919.0,246.0,125,9190.454,92.22748815165876
inventory_budget_36000,36000.0,HOBBIES,cross_store,4,3164.0,2864.0,300.0,117,9372.678,90.51833122629583
inventory_budget_36000,36000.0,HOBBIES,cross_store,5,3377.0,3096.0,281.0,137,9758.273,91.67900503405389
inventory_budget_36000,36000.0,HOBBIES,cross_store,6,3193.0,2672.0,521.0,248,8909.404,83.68305668650173
inventory_budget_36000,36000.0,HOBBIES,full,1,2861.0,2740.0,121.0,48,2404.745,95.77070954211814
inventory_budget_36000,36000.0,HOBBIES,full,2,3062.0,2821.0,241.0,121,7559.916,92.12932723709993
inventory_budget_36000,36000.0,HOBBIES,full,3,3165.0,2902.0,263.0,136,9015.783,91.69036334913112
inventory_budget_36000,36000.0,HOBBIES,full,4,3164.0,2874.0,290.0,123,9634.695,90.83438685208597
inventory_budget_36000,36000.0,HOBBIES,full,5,3377.0,3092.0,285.0,142,9387.364,91.56055670713651
inventory_budget_36000,36000.0,HOBBIES,full,6,3193.0,2730.0,463.0,233,9051.931,85.49953022236141
inventory_budget_36000,36000.0,HOBBIES,lightgbm,1,2861.0,2773.0,88.0,32,2865.408,96.92415239426774
inventory_budget_36000,36000.0,HOBBIES,lightgbm,2,3062.0,2882.0,180.0,91,8091.552,94.12148922273025
inventory_budget_36000,36000.0,HOBBIES,lightgbm,3,3165.0,2971.0,194.0,101,9321.473,93.87045813586099
inventory_budget_36000,36000.0,HOBBIES,lightgbm,4,3164.0,2952.0,212.0,95,9037.364,93.29962073324906
inventory_budget_36000,36000.0,HOBBIES,lightgbm,5,3377.0,3109.0,268.0,153,9041.654999999999,92.06396209653539
inventory_budget_36000,36000.0,HOBBIES,lightgbm,6,3193.0,2653.0,540.0,264,9763.67,83.08800501096148
inventory_budget_36000,36000.0,HOBBIES,node_only,1,2861.0,2746.0,115.0,48,2682.736,95.98042642432716
inventory_budget_36000,36000.0,HOBBIES,node_only,2,3062.0,2840.0,222.0,112,7758.415,92.74983670803397
inventory_budget_36000,36000.0,HOBBIES,node_only,3,3165.0,2920.0,245.0,126,9104.543,92.25908372827804
inventory_budget_36000,36000.0,HOBBIES,node_only,4,3164.0,2874.0,290.0,128,8953.119,90.83438685208597
inventory_budget_36000,36000.0,HOBBIES,node_only,5,3377.0,3092.0,285.0,138,9398.297999999999,91.56055670713651
inventory_budget_36000,36000.0,HOBBIES,node_only,6,3193.0,2687.0,506.0,255,9194.822,84.15283432508613
inventory_budget_36000,36000.0,HOBBIES,seasonal_naive,1,2861.0,2656.0,205.0,74,2574.243,92.8346731911919
inventory_budget_36000,36000.0,HOBBIES,seasonal_naive,2,3062.0,2770.0,292.0,136,9081.408,90.46374918354017
inventory_budget_36000,36000.0,HOBBIES,seasonal_naive,3,3165.0,2928.0,237.0,112,10050.978,92.51184834123222
inventory_budget_36000,36000.0,HOBBIES,seasonal_naive,4,3164.0,2935.0,229.0,99,9419.704,92.76232616940581
inventory_budget_36000,36000.0,HOBBIES,seasonal_naive,5,3377.0,3014.0,363.0,179,9451.931999999999,89.25081433224756
inventory_budget_36000,36000.0,HOBBIES,seasonal_naive,6,3193.0,2464.0,729.0,328,9091.012,77.16880676479799
inventory_budget_36000,36000.0,HOUSEHOLD,cross_store,1,4036.0,3952.0,84.0,37,3400.999,97.9187314172448
inventory_budget_36000,36000.0,HOUSEHOLD,cross_store,2,4218.0,3945.0,273.0,132,9232.867,93.52773826458036
inventory_budget_36000,36000.0,HOUSEHOLD,cross_store,3,4237.0,3990.0,247.0,131,11579.106,94.17040358744394
inventory_budget_36000,36000.0,HOUSEHOLD,cross_store,4,4272.0,3946.0,326.0,161,11835.845,92.3689138576779
inventory_budget_36000,36000.0,HOUSEHOLD,cross_store,5,4427.0,4166.0,261.0,146,10509.639,94.10435961147503
inventory_budget_36000,36000.0,HOUSEHOLD,cross_store,6,4441.0,4070.0,371.0,217,11779.733,91.64602566989417
inventory_budget_36000,36000.0,HOUSEHOLD,full,1,4036.0,3966.0,70.0,40,3327.898,98.26560951437067
inventory_budget_36000,36000.0,HOUSEHOLD,full,2,4218.0,3954.0,264.0,138,9470.202,93.74110953058322
inventory_budget_36000,36000.0,HOUSEHOLD,full,3,4237.0,3995.0,242.0,134,11527.201,94.28841161198962
inventory_budget_36000,36000.0,HOUSEHOLD,full,4,4272.0,3962.0,310.0,164,12180.161,92.7434456928839
inventory_budget_36000,36000.0,HOUSEHOLD,full,5,4427.0,4189.0,238.0,139,10271.744,94.623898802801
inventory_budget_36000,36000.0,HOUSEHOLD,full,6,4441.0,4105.0,336.0,204,11887.442,92.4341364557532
inventory_budget_36000,36000.0,HOUSEHOLD,lightgbm,1,4036.0,3963.0,73.0,37,3680.026,98.19127849355797
inventory_budget_36000,36000.0,HOUSEHOLD,lightgbm,2,4218.0,4028.0,190.0,110,10069.206,95.49549549549549
inventory_budget_36000,36000.0,HOUSEHOLD,lightgbm,3,4237.0,4041.0,196.0,107,11882.689,95.37408543780977
inventory_budget_36000,36000.0,HOUSEHOLD,lightgbm,4,4272.0,4003.0,269.0,136,11647.321,93.70318352059925
inventory_budget_36000,36000.0,HOUSEHOLD,lightgbm,5,4427.0,4201.0,226.0,143,10358.243,94.89496272871018
inventory_budget_36000,36000.0,HOUSEHOLD,lightgbm,6,4441.0,4149.0,292.0,192,12432.322,93.42490430083315
inventory_budget_36000,36000.0,HOUSEHOLD,node_only,1,4036.0,3964.0,72.0,34,3530.541,98.21605550049554
inventory_budget_36000,36000.0,HOUSEHOLD,node_only,2,4218.0,3940.0,278.0,127,9622.396,93.40919867235657
inventory_budget_36000,36000.0,HOUSEHOLD,node_only,3,4237.0,4014.0,223.0,124,11449.018,94.73684210526316
inventory_budget_36000,36000.0,HOUSEHOLD,node_only,4,4272.0,3981.0,291.0,154,11978.939,93.18820224719101
inventory_budget_36000,36000.0,HOUSEHOLD,node_only,5,4427.0,4199.0,228.0,141,10420.893,94.84978540772532
inventory_budget_36000,36000.0,HOUSEHOLD,node_only,6,4441.0,4136.0,305.0,196,11778.34,93.13217743751407
inventory_budget_36000,36000.0,HOUSEHOLD,seasonal_naive,1,4036.0,3889.0,147.0,78,3635.982,96.35777998017839
inventory_budget_36000,36000.0,HOUSEHOLD,seasonal_naive,2,4218.0,3858.0,360.0,172,10960.019,91.4651493598862
inventory_budget_36000,36000.0,HOUSEHOLD,seasonal_naive,3,4237.0,4030.0,207.0,120,12007.478,95.1144677838093
inventory_budget_36000,36000.0,HOUSEHOLD,seasonal_naive,4,4272.0,3969.0,303.0,136,12675.25,92.90730337078652
inventory_budget_36000,36000.0,HOUSEHOLD,seasonal_naive,5,4427.0,4106.0,321.0,173,9663.598,92.74903998192907
inventory_budget_36000,36000.0,HOUSEHOLD,seasonal_naive,6,4441.0,3902.0,539.0,320,12096.693,87.86309389777077
inventory_budget_25000,25000.0,FOODS,cross_store,1,7184.0,7046.0,138.0,57,3788.1059999999998,98.07906458797328
inventory_budget_25000,25000.0,FOODS,cross_store,2,7088.0,6666.0,422.0,186,10329.27,94.04627539503386
inventory_budget_25000,25000.0,FOODS,cross_store,3,7244.0,6001.0,1243.0,538,9206.498,82.84097183876311
inventory_budget_25000,25000.0,FOODS,cross_store,4,7944.0,5419.0,2525.0,996,9615.235,68.21500503524673
inventory_budget_25000,25000.0,FOODS,cross_store,5,8251.0,5318.0,2933.0,1188,11831.715,64.45279360077566
inventory_budget_25000,25000.0,FOODS,cross_store,6,7828.0,4744.0,3084.0,1305,10862.019,60.60296371997956
inventory_budget_25000,25000.0,FOODS,full,1,7184.0,7041.0,143.0,60,4233.831,98.00946547884188
inventory_budget_25000,25000.0,FOODS,full,2,7088.0,6651.0,437.0,198,10106.285,93.83465011286681
inventory_budget_25000,25000.0,FOODS,full,3,7244.0,6000.0,1244.0,542,9383.899,82.82716731087797
inventory_budget_25000,25000.0,FOODS,full,4,7944.0,5408.0,2536.0,996,9527.392,68.07653575025176
inventory_budget_25000,25000.0,FOODS,full,5,8251.0,5349.0,2902.0,1199,12207.979,64.82850563568053
inventory_budget_25000,25000.0,FOODS,full,6,7828.0,4877.0,2951.0,1264,10958.892,62.30199284619315
inventory_budget_25000,25000.0,FOODS,lightgbm,1,7184.0,7055.0,129.0,52,4806.907,98.2043429844098
inventory_budget_25000,25000.0,FOODS,lightgbm,2,7088.0,6574.0,514.0,244,10218.684,92.74830699774266
inventory_budget_25000,25000.0,FOODS,lightgbm,3,7244.0,6005.0,1239.0,563,9181.634,82.8961899503037
inventory_budget_25000,25000.0,FOODS,lightgbm,4,7944.0,5584.0,2360.0,956,10284.295,70.29204431017119
inventory_budget_25000,25000.0,FOODS,lightgbm,5,8251.0,5273.0,2978.0,1266,11954.537,63.907405163010544
inventory_budget_25000,25000.0,FOODS,lightgbm,6,7828.0,4904.0,2924.0,1311,9947.224,62.6469085334696
inventory_budget_25000,25000.0,FOODS,node_only,1,7184.0,7030.0,154.0,63,3812.998,97.85634743875278
inventory_budget_25000,25000.0,FOODS,node_only,2,7088.0,6575.0,513.0,247,10350.438,92.76241534988714
inventory_budget_25000,25000.0,FOODS,node_only,3,7244.0,5996.0,1248.0,569,9362.654,82.77194919933739
inventory_budget_25000,25000.0,FOODS,node_only,4,7944.0,5499.0,2445.0,981,9618.042,69.22205438066466
inventory_budget_25000,25000.0,FOODS,node_only,5,8251.0,5328.0,2923.0,1199,12173.938,64.57399103139014
inventory_budget_25000,25000.0,FOODS,node_only,6,7828.0,4810.0,3018.0,1297,10732.155,61.4460909555442
inventory_budget_25000,25000.0,FOODS,seasonal_naive,1,7184.0,6971.0,213.0,106,5406.982,97.03507795100222
inventory_budget_25000,25000.0,FOODS,seasonal_naive,2,7088.0,6346.0,742.0,353,9573.452,89.53160270880362
inventory_budget_25000,25000.0,FOODS,seasonal_naive,3,7244.0,5565.0,1679.0,728,9056.523,76.82219768083931
inventory_budget_25000,25000.0,FOODS,seasonal_naive,4,7944.0,5223.0,2721.0,1040,9183.51,65.74773413897282
inventory_budget_25000,25000.0,FOODS,seasonal_naive,5,8251.0,4890.0,3361.0,1288,12252.142,59.265543570476304
inventory_budget_25000,25000.0,FOODS,seasonal_naive,6,7828.0,4544.0,3284.0,1361,11293.618,58.048032703117016
inventory_budget_25000,25000.0,HOBBIES,cross_store,1,2861.0,2760.0,101.0,41,2550.2960000000003,96.4697658161482
inventory_budget_25000,25000.0,HOBBIES,cross_store,2,3062.0,2690.0,372.0,180,6452.7119999999995,87.85107772697583
inventory_budget_25000,25000.0,HOBBIES,cross_store,3,3165.0,2037.0,1128.0,414,7321.9439999999995,64.36018957345972
inventory_budget_25000,25000.0,HOBBIES,cross_store,4,3164.0,1586.0,1578.0,660,6603.38,50.126422250316054
inventory_budget_25000,25000.0,HOBBIES,cross_store,5,3377.0,1207.0,2170.0,832,6881.798,35.74178264732011
inventory_budget_25000,25000.0,HOBBIES,cross_store,6,3193.0,977.0,2216.0,918,6363.112,30.59818352646414
inventory_budget_25000,25000.0,HOBBIES,full,1,2861.0,2740.0,121.0,48,2404.745,95.77070954211814
inventory_budget_25000,25000.0,HOBBIES,full,2,3062.0,2669.0,393.0,200,6544.1179999999995,87.16525146962769
inventory_budget_25000,25000.0,HOBBIES,full,3,3165.0,2015.0,1150.0,442,7211.477,63.665086887835706
inventory_budget_25000,25000.0,HOBBIES,full,4,3164.0,1574.0,1590.0,668,6470.5199999999995,49.74715549936789
inventory_budget_25000,25000.0,HOBBIES,full,5,3377.0,1266.0,2111.0,834,6881.945,37.4888954693515
inventory_budget_25000,25000.0,HOBBIES,full,6,3193.0,984.0,2209.0,924,6124.523999999999,30.817413091136864
inventory_budget_25000,25000.0,HOBBIES,lightgbm,1,2861.0,2773.0,88.0,32,2865.408,96.92415239426774
inventory_budget_25000,25000.0,HOBBIES,lightgbm,2,3062.0,2663.0,399.0,200,6560.33,86.96930111038537
inventory_budget_25000,25000.0,HOBBIES,lightgbm,3,3165.0,1971.0,1194.0,447,7211.995,62.274881516587676
inventory_budget_25000,25000.0,HOBBIES,lightgbm,4,3164.0,1603.0,1561.0,665,5957.364,50.663716814159294
inventory_budget_25000,25000.0,HOBBIES,lightgbm,5,3377.0,1325.0,2052.0,848,6730.066,39.23600829138289
inventory_budget_25000,25000.0,HOBBIES,lightgbm,6,3193.0,1119.0,2074.0,905,7009.065,35.04541183839649
inventory_budget_25000,25000.0,HOBBIES,node_only,1,2861.0,2746.0,115.0,48,2682.736,95.98042642432716
inventory_budget_25000,25000.0,HOBBIES,node_only,2,3062.0,2640.0,422.0,213,6497.351,86.21815806662312
inventory_budget_25000,25000.0,HOBBIES,node_only,3,3165.0,1993.0,1172.0,456,7237.524,62.96998420221169
inventory_budget_25000,25000.0,HOBBIES,node_only,4,3164.0,1565.0,1599.0,666,5999.329,49.46270543615676
inventory_budget_25000,25000.0,HOBBIES,node_only,5,3377.0,1330.0,2047.0,831,6875.673,39.38406870002961
inventory_budget_25000,25000.0,HOBBIES,node_only,6,3193.0,1001.0,2192.0,908,6312.096,31.349827748199186
inventory_budget_25000,25000.0,HOBBIES,seasonal_naive,1,2861.0,2656.0,205.0,74,2574.243,92.8346731911919
inventory_budget_25000,25000.0,HOBBIES,seasonal_naive,2,3062.0,2404.0,658.0,286,6962.704,78.51077726975832
inventory_budget_25000,25000.0,HOBBIES,seasonal_naive,3,3165.0,1797.0,1368.0,520,7481.943,56.77725118483412
inventory_budget_25000,25000.0,HOBBIES,seasonal_naive,4,3164.0,1655.0,1509.0,651,6884.857,52.307206068268016
inventory_budget_25000,25000.0,HOBBIES,seasonal_naive,5,3377.0,1264.0,2113.0,764,6926.737999999999,37.4296713058928
inventory_budget_25000,25000.0,HOBBIES,seasonal_naive,6,3193.0,987.0,2206.0,899,6304.563999999999,30.911368618853743
inventory_budget_25000,25000.0,HOUSEHOLD,cross_store,1,4036.0,3952.0,84.0,37,3400.999,97.9187314172448
inventory_budget_25000,25000.0,HOUSEHOLD,cross_store,2,4218.0,3843.0,375.0,194,8217.93,91.10953058321479
inventory_budget_25000,25000.0,HOUSEHOLD,cross_store,3,4237.0,3392.0,845.0,454,8471.358,80.05664385178193
inventory_budget_25000,25000.0,HOUSEHOLD,cross_store,4,4272.0,2702.0,1570.0,796,8781.192,63.249063670411985
inventory_budget_25000,25000.0,HOUSEHOLD,cross_store,5,4427.0,2659.0,1768.0,930,6286.224,60.06324824937881
inventory_budget_25000,25000.0,HOUSEHOLD,cross_store,6,4441.0,2421.0,2020.0,1089,7774.773999999999,54.51474893042108
inventory_budget_25000,25000.0,HOUSEHOLD,full,1,4036.0,3966.0,70.0,40,3327.898,98.26560951437067
inventory_budget_25000,25000.0,HOUSEHOLD,full,2,4218.0,3818.0,400.0,216,8349.376,90.51683262209578
inventory_budget_25000,25000.0,HOUSEHOLD,full,3,4237.0,3375.0,862.0,468,8404.522,79.65541656832664
inventory_budget_25000,25000.0,HOUSEHOLD,full,4,4272.0,2725.0,1547.0,800,9001.811,63.7874531835206
inventory_budget_25000,25000.0,HOUSEHOLD,full,5,4427.0,2662.0,1765.0,921,5910.0019999999995,60.13101423085611
inventory_budget_25000,25000.0,HOUSEHOLD,full,6,4441.0,2453.0,1988.0,1075,7916.517,55.23530736320649
inventory_budget_25000,25000.0,HOUSEHOLD,lightgbm,1,4036.0,3963.0,73.0,37,3680.026,98.19127849355797
inventory_budget_25000,25000.0,HOUSEHOLD,lightgbm,2,4218.0,3847.0,371.0,207,8220.87,91.20436225699383
inventory_budget_25000,25000.0,HOUSEHOLD,lightgbm,3,4237.0,3332.0,905.0,486,8606.136,78.64054755723389
inventory_budget_25000,25000.0,HOUSEHOLD,lightgbm,4,4272.0,2799.0,1473.0,783,8758.148,65.51966292134831
inventory_budget_25000,25000.0,HOUSEHOLD,lightgbm,5,4427.0,2708.0,1719.0,928,6315.246,61.17009261350802
inventory_budget_25000,25000.0,HOUSEHOLD,lightgbm,6,4441.0,2504.0,1937.0,1065,8043.483,56.38369736545823
inventory_budget_25000,25000.0,HOUSEHOLD,node_only,1,4036.0,3964.0,72.0,34,3530.541,98.21605550049554
inventory_budget_25000,25000.0,HOUSEHOLD,node_only,2,4218.0,3749.0,469.0,233,8152.0109999999995,88.8809862494073
inventory_budget_25000,25000.0,HOUSEHOLD,node_only,3,4237.0,3377.0,860.0,469,8399.811,79.7026197781449
inventory_budget_25000,25000.0,HOUSEHOLD,node_only,4,4272.0,2876.0,1396.0,743,9382.541,67.32209737827715
inventory_budget_25000,25000.0,HOUSEHOLD,node_only,5,4427.0,2726.0,1701.0,898,5950.385,61.57668850237181
inventory_budget_25000,25000.0,HOUSEHOLD,node_only,6,4441.0,2419.0,2022.0,1067,7955.682,54.46971402837199
inventory_budget_25000,25000.0,HOUSEHOLD,seasonal_naive,1,4036.0,3889.0,147.0,78,3635.982,96.35777998017839
inventory_budget_25000,25000.0,HOUSEHOLD,seasonal_naive,2,4218.0,3579.0,639.0,319,8463.812,84.85064011379801
inventory_budget_25000,25000.0,HOUSEHOLD,seasonal_naive,3,4237.0,3122.0,1115.0,574,8461.418,73.6842105263158
inventory_budget_25000,25000.0,HOUSEHOLD,seasonal_naive,4,4272.0,2703.0,1569.0,805,8931.622,63.27247191011236
inventory_budget_25000,25000.0,HOUSEHOLD,seasonal_naive,5,4427.0,2511.0,1916.0,969,5821.109,56.72012649649876
inventory_budget_25000,25000.0,HOUSEHOLD,seasonal_naive,6,4441.0,2281.0,2160.0,1137,7401.73,51.36230578698491
