scenario,weekly_budget,cat_id,model,sku_store_nodes,demand_proxy_units,fulfilled_units,unmet_units,stockout_sku_days,replenishment_spend,replenishment_units,mean_ending_inventory_units_per_sku,gross_margin_proxy,holding_cost_proxy,ordering_fee_proxy,fill_rate_pct,contribution_proxy,demand_proxy_units_baseline,fill_rate_pct_baseline,unmet_units_baseline,stockout_sku_days_baseline,replenishment_spend_baseline,contribution_proxy_baseline,fill_rate_change_pp,unmet_reduction_units,stockout_days_avoided,spend_difference,contribution_difference
inventory_budget_36000,36000.0,FOODS,cross_store,600,45539.0,42512.0,3027.0,1093,70968.758,37548,11.806230158730159,34068.198000000004,392.2378369863003,4888.0,93.35295021849404,28787.960163013704,45539.0,94.31695909001076,2588.0,966,72463.01299999999,29200.548843835626,-0.964008871516711,-439.0,-127,-1494.25499999999,-412.588680821922
inventory_budget_36000,36000.0,FOODS,full,600,45539.0,42685.0,2854.0,995,72065.546,38075,12.290555555555555,34222.893000000004,409.72366917808114,4964.0,93.73284437515098,28849.169330821926,45539.0,94.31695909001076,2588.0,966,72463.01299999999,29200.548843835626,-0.5841147148597798,-266.0,-29,-397.46699999998964,-351.3795130137005
inventory_budget_36000,36000.0,FOODS,node_only,600,45539.0,42574.0,2965.0,1070,71605.69499999999,37765,12.17531746031746,34163.592000000004,403.6191801369853,4904.0,93.48909725729594,28855.97281986302,45539.0,94.31695909001076,2588.0,966,72463.01299999999,29200.548843835626,-0.8278618327148166,-377.0,-104,-857.3179999999993,-344.5760239726078
inventory_budget_36000,36000.0,FOODS,seasonal_naive,600,45539.0,42065.0,3474.0,1361,73917.207,38624,13.997896825396825,33799.071,466.3326595890401,3764.0,92.3713739871319,29568.738340410964,45539.0,94.31695909001076,2588.0,966,72463.01299999999,29200.548843835626,-1.9455851028788516,-886.0,-395,1454.1940000000031,368.1894965753381
inventory_budget_36000,36000.0,HOBBIES,cross_store,600,18822.0,17136.0,1686.0,781,47274.241,14234,5.69781746031746,24345.498000000003,337.25240547945094,3572.0,91.04239719477208,20436.24559452055,18822.0,92.1262352566146,1482.0,736,48121.121999999996,20553.598995205484,-1.0838380618425276,-204.0,-45,-846.880999999994,-117.35340068493315
inventory_budget_36000,36000.0,HOBBIES,full,600,18822.0,17159.0,1663.0,803,47054.434,14290,5.723730158730159,24239.838000000003,336.78333356164273,3600.0,91.16459462331315,20303.054666438362,18822.0,92.1262352566146,1482.0,736,48121.121999999996,20553.598995205484,-0.9616406333014567,-181.0,-67,-1066.6879999999946,-250.54432876712235
inventory_budget_36000,36000.0,HOBBIES,node_only,600,18822.0,17159.0,1663.0,807,47091.933,14251,5.72313492063492,24284.256000000005,339.38206438356053,3626.0,91.16459462331315,20318.873935616444,18822.0,92.1262352566146,1482.0,736,48121.121999999996,20553.598995205484,-0.9616406333014567,-181.0,-71,-1029.1889999999985,-234.72505958904003
inventory_budget_36000,36000.0,HOBBIES,seasonal_naive,600,18822.0,16767.0,2055.0,928,49669.277,14609,6.964444444444444,24168.951000000005,395.99333219177976,2642.0,89.08192540643927,21130.957667808223,18822.0,92.1262352566146,1482.0,736,48121.121999999996,20553.598995205484,-3.0443098501753383,-573.0,-192,1548.155000000006,577.3586726027388
inventory_budget_36000,36000.0,HOUSEHOLD,cross_store,600,25631.0,24069.0,1562.0,824,58338.189,20653,7.496825396825397,29297.931000000004,381.3327575342455,4358.0,93.90581717451524,24558.59824246576,25631.0,95.13869923139947,1246.0,725,60069.807,24797.072640410963,-1.232882056884236,-316.0,-99,-1731.6180000000022,-238.47439794520324
inventory_budget_36000,36000.0,HOUSEHOLD,full,600,25631.0,24171.0,1460.0,819,58664.648,20904,7.655555555555556,29353.767000000003,385.7128684931496,4446.0,94.30377277515508,24522.054131506855,25631.0,95.13869923139947,1246.0,725,60069.807,24797.072640410963,-0.8349264562443892,-214.0,-94,-1405.1589999999997,-275.0185089041079
inventory_budget_36000,36000.0,HOUSEHOLD,node_only,600,25631.0,24234.0,1397.0,776,58780.127,20943,7.732261904761905,29429.364000000005,389.42130547945095,4470.0,94.54956888143263,24569.942694520552,25631.0,95.13869923139947,1246.0,725,60069.807,24797.072640410963,-0.5891303499668368,-151.0,-51,-1289.6800000000003,-227.12994589041045
inventory_budget_36000,36000.0,HOUSEHOLD,seasonal_naive,600,25631.0,23754.0,1877.0,999,61039.02,21185,8.705873015873015,29095.434000000005,447.02022534246464,3338.0,92.67683664312746,25310.41377465754,25631.0,95.13869923139947,1246.0,725,60069.807,24797.072640410963,-2.4618625882720124,-631.0,-274,969.2129999999961,513.341134246577
inventory_budget_25000,25000.0,FOODS,cross_store,600,45539.0,35194.0,10345.0,4270,55632.843,28020,9.373968253968254,29110.206000000006,322.4375383561636,2230.0,77.28320779990777,26557.768461643842,45539.0,77.72458771602363,10144.0,4392,56393.281,26766.29251575343,-0.4413799161158636,-201.0,122,-760.4380000000019,-208.52405410958818
inventory_budget_25000,25000.0,FOODS,full,600,45539.0,35326.0,10213.0,4259,56418.278,28331,9.663412698412698,29208.321000000004,334.37564999999927,2196.0,77.57306923735699,26677.945350000005,45539.0,77.72458771602363,10144.0,4392,56393.281,26766.29251575343,-0.15151847866664525,-69.0,133,24.99699999999575,-88.34716575342463
inventory_budget_25000,25000.0,FOODS,node_only,600,45539.0,35238.0,10301.0,4356,56050.225,28207,9.592023809523809,29116.728000000003,329.7981486301362,2124.0,77.3798282790575,26662.929851369867,45539.0,77.72458771602363,10144.0,4392,56393.281,26766.29251575343,-0.3447594369661289,-157.0,36,-343.05600000000413,-103.36266438356324
inventory_budget_25000,25000.0,FOODS,seasonal_naive,600,45539.0,33539.0,12000.0,4876,56766.227,27913,10.782698412698412,28059.756000000005,378.39596027397187,1768.0,73.64896023188915,25913.360039726034,45539.0,77.72458771602363,10144.0,4392,56393.281,26766.29251575343,-4.075627484134486,-1856.0,-484,372.9459999999963,-852.9324760273958
inventory_budget_25000,25000.0,HOBBIES,cross_store,600,18822.0,11257.0,7565.0,3045,36173.242,6910,3.7459920634920634,20741.781000000003,279.22245342465675,1212.0,59.80767187333971,19250.558546575347,18822.0,60.854319413452345,7368.0,3097,36334.227999999996,19144.499708904114,-1.0466475401126374,-197.0,52,-160.98599999999715,106.05883767123305
inventory_budget_25000,25000.0,HOBBIES,full,600,18822.0,11248.0,7574.0,3116,35637.329,6886,3.740357142857143,20551.452000000005,277.89361369862934,1168.0,59.759855488258424,19105.558386301374,18822.0,60.854319413452345,7368.0,3097,36334.227999999996,19144.499708904114,-1.0944639251939208,-206.0,-19,-696.8989999999976,-38.94132260273909
inventory_budget_25000,25000.0,HOBBIES,node_only,600,18822.0,11275.0,7547.0,3122,35604.709,6943,3.7636904761904764,20561.052000000003,281.06946095890333,1160.0,59.90330464350228,19119.9825390411,18822.0,60.854319413452345,7368.0,3097,36334.227999999996,19144.499708904114,-0.9510147699500635,-179.0,-25,-729.518999999993,-24.517169863014715
inventory_budget_25000,25000.0,HOBBIES,seasonal_naive,600,18822.0,10763.0,8059.0,3194,37135.049,6727,4.319444444444445,20400.174000000003,319.2386582191773,994.0,57.183083625544576,19086.935341780827,18822.0,60.854319413452345,7368.0,3097,36334.227999999996,19144.499708904114,-3.6712357879077686,-691.0,-97,800.8210000000036,-57.5643671232865
inventory_budget_25000,25000.0,HOUSEHOLD,cross_store,600,25631.0,18969.0,6662.0,3500,42932.477,13923,5.672698412698413,24331.449000000004,307.2608191780814,1786.0,74.00803714252272,22238.188180821922,25631.0,74.72591783387304,6478.0,3506,43623.909,22306.42240273973,-0.7178806913503166,-184.0,6,-691.4320000000007,-68.23422191780628
inventory_budget_25000,25000.0,HOUSEHOLD,full,600,25631.0,18999.0,6632.0,3520,42910.126,14080,5.759603174603175,24316.860000000004,308.4800034246568,1782.0,74.1250829074168,22226.379996575346,25631.0,74.72591783387304,6478.0,3506,43623.909,22306.42240273973,-0.600834926456244,-154.0,-14,-713.7830000000031,-80.04240616438256
inventory_budget_25000,25000.0,HOUSEHOLD,node_only,600,25631.0,19111.0,6520.0,3444,43370.971,14250,5.839642857142858,24443.925000000003,313.239279452054,1786.0,74.56205376302134,22344.68572054795,25631.0,74.72591783387304,6478.0,3506,43623.909,22306.42240273973,-0.16386407085170163,-42.0,62,-252.93800000000192,38.26331780822147
inventory_budget_25000,25000.0,HOUSEHOLD,seasonal_naive,600,25631.0,18085.0,7546.0,3882,42715.673,13481,6.373412698412698,23588.652000000006,344.00640342465675,1386.0,70.55908860364403,21858.64559657535,25631.0,74.72591783387304,6478.0,3506,43623.909,22306.42240273973,-4.166829230229013,-1068.0,-376,-908.2359999999971,-447.7768061643801
