scenario,weekly_budget,cat_id,model,sku_store_nodes,demand_proxy_units,fulfilled_units,unmet_units,stockout_sku_days,replenishment_spend,replenishment_units,mean_ending_inventory_units_per_sku,gross_margin_proxy,holding_cost_proxy,ordering_fee_proxy,fill_rate_pct,contribution_proxy,lead_days,safety_days,initial_cover_weeks
budget_36000_lead_1_safety_0,36000.0,FOODS,lightgbm,600,45539.0,41394.0,4145.0,1340,62108.396,32969,9.39686507936508,33357.378000000004,312.6896931506849,4848.0,90.89791168009837,28196.68830684932,1,0.0,1.2
budget_36000_lead_1_safety_0,36000.0,HOBBIES,lightgbm,600,18822.0,16815.0,2007.0,899,41893.432,12959,4.839563492063492,23815.320000000003,273.77132808219176,3864.0,89.3369461268728,19677.54867191781,1,0.0,1.2
budget_36000_lead_1_safety_0,36000.0,HOUSEHOLD,lightgbm,600,25631.0,23488.0,2143.0,1015,51337.922999999995,18295,6.014603174603175,28534.185000000005,307.2228321917808,4474.0,91.63903086106667,23752.962167808226,1,0.0,1.2
budget_36000_lead_1_safety_0,36000.0,FOODS,node_only,600,45539.0,40789.0,4750.0,1491,60766.621999999996,32202,8.866904761904761,32850.204000000005,295.48361643835614,4756.0,89.56938009178945,27798.72038356165,1,0.0,1.2
budget_36000_lead_1_safety_0,36000.0,HOBBIES,node_only,600,18822.0,16338.0,2484.0,1072,40646.144,12285,4.526547619047619,23473.005000000005,265.68541712328766,3732.0,86.80267771756455,19475.319582876717,1,0.0,1.2
budget_36000_lead_1_safety_0,36000.0,HOUSEHOLD,node_only,600,25631.0,23220.0,2411.0,1132,50069.74,17867,5.775476190476191,28211.106000000003,296.4823582191781,4384.0,90.59342202801295,23530.623641780825,1,0.0,1.2
budget_36000_lead_1_safety_0,36000.0,FOODS,cross_store,600,45539.0,40559.0,4980.0,1549,59951.136,31878,8.636666666666667,32596.476000000006,287.7786205479452,4772.0,89.064318496234,27536.69737945206,1,0.0,1.2
budget_36000_lead_1_safety_0,36000.0,HOBBIES,cross_store,600,18822.0,16285.0,2537.0,1055,40581.807,12239,4.510793650793651,23436.129000000004,264.2850910958904,3752.0,86.52109233875252,19419.843908904113,1,0.0,1.2
budget_36000_lead_1_safety_0,36000.0,HOUSEHOLD,cross_store,600,25631.0,23056.0,2575.0,1160,49864.983,17694,5.6651984126984125,28065.189000000006,293.7003856164383,4394.0,89.95357184659201,23377.48861438357,1,0.0,1.2
budget_36000_lead_1_safety_0,36000.0,FOODS,full,600,45539.0,40850.0,4689.0,1443,61040.238,32339,8.910714285714286,32914.008,297.61278630136985,4746.0,89.70333121061068,27870.395213698634,1,0.0,1.2
budget_36000_lead_1_safety_0,36000.0,HOBBIES,full,600,18822.0,16316.0,2506.0,1056,40576.312,12242,4.5129761904761905,23457.201000000005,263.82581917808216,3690.0,86.68579322069918,19503.375180821924,1,0.0,1.2
budget_36000_lead_1_safety_0,36000.0,HOUSEHOLD,full,600,25631.0,23132.0,2499.0,1156,49738.045,17780,5.730714285714286,28089.945000000003,294.1470863013698,4368.0,90.25008778432367,23427.797913698632,1,0.0,1.2
budget_36000_lead_1_safety_2,36000.0,FOODS,lightgbm,600,45539.0,43086.0,2453.0,911,68452.902,36188,12.315079365079365,34752.207,407.6582808219178,4666.0,94.61340828740201,29678.548719178085,1,2.0,1.2
budget_36000_lead_1_safety_2,36000.0,HOBBIES,lightgbm,600,18822.0,17302.0,1520.0,800,45501.140999999996,13685,5.803452380952381,24602.454000000005,334.2966698630137,3376.0,91.92434385293805,20892.15733013699,1,2.0,1.2
budget_36000_lead_1_safety_2,36000.0,HOUSEHOLD,lightgbm,600,25631.0,24332.0,1299.0,703,56326.431,19974,7.631547619047619,29646.918000000005,384.17143972602736,4218.0,94.93191838008661,25044.74656027398,1,2.0,1.2
budget_36000_lead_1_safety_2,36000.0,FOODS,node_only,600,45539.0,42730.0,2809.0,991,67728.773,35673,11.654285714285715,34451.973000000005,385.73726780821914,4774.0,93.83166077428139,29292.235732191788,1,2.0,1.2
budget_36000_lead_1_safety_2,36000.0,HOBBIES,node_only,600,18822.0,17103.0,1719.0,838,44581.971,13371,5.49281746031746,24415.431000000004,325.4383136986301,3524.0,90.86707044947401,20565.992686301375,1,2.0,1.2
budget_36000_lead_1_safety_2,36000.0,HOUSEHOLD,node_only,600,25631.0,24195.0,1436.0,769,55169.072,19626,7.372698412698413,29421.606000000003,372.0680321917808,4322.0,94.39740938707034,24727.53796780822,1,2.0,1.2
budget_36000_lead_1_safety_2,36000.0,FOODS,cross_store,600,45539.0,42615.0,2924.0,1032,66970.18299999999,35409,11.307698412698413,34284.408,374.6330287671233,4698.0,93.57912997650365,29211.77497123288,1,2.0,1.2
budget_36000_lead_1_safety_2,36000.0,HOBBIES,cross_store,600,18822.0,17077.0,1745.0,847,44634.015999999996,13352,5.451468253968254,24437.745000000003,323.31906369863015,3452.0,90.72893422590586,20662.425936301373,1,2.0,1.2
budget_36000_lead_1_safety_2,36000.0,HOUSEHOLD,cross_store,600,25631.0,24100.0,1531.0,780,54938.03,19450,7.174761904761905,29352.732000000004,366.0410801369863,4214.0,94.02676446490578,24772.690919863016,1,2.0,1.2
budget_36000_lead_1_safety_2,36000.0,FOODS,full,600,45539.0,42793.0,2746.0,931,68023.12999999999,35855,11.718690476190476,34502.694,389.12286575342466,4746.0,93.97000373306396,29367.57113424658,1,2.0,1.2
budget_36000_lead_1_safety_2,36000.0,HOBBIES,full,600,18822.0,17109.0,1713.0,841,44656.240999999995,13341,5.4591666666666665,24422.883000000005,323.2167438356164,3426.0,90.89894803952821,20673.66625616439,1,2.0,1.2
budget_36000_lead_1_safety_2,36000.0,HOUSEHOLD,full,600,25631.0,24120.0,1511.0,791,55012.965,19566,7.299444444444444,29360.238000000005,368.56157397260273,4202.0,94.10479497483516,24789.676426027403,1,2.0,1.2
budget_36000_lead_1_safety_4,36000.0,FOODS,lightgbm,600,45539.0,43877.0,1662.0,606,73143.742,38554,15.440357142857144,35400.531,509.47800821917804,4740.0,96.35038099211664,30151.052991780824,1,4.0,1.2
budget_36000_lead_1_safety_4,36000.0,HOBBIES,lightgbm,600,18822.0,17827.0,995.0,525,48926.57,14877,7.072698412698412,25122.762000000002,403.9464828767123,3510.0,94.71363298267984,21208.81551712329,1,4.0,1.2
budget_36000_lead_1_safety_4,36000.0,HOUSEHOLD,lightgbm,600,25631.0,24788.0,843.0,494,60269.971999999994,21260,9.382658730158731,30247.200000000004,468.57056917808217,4294.0,96.71101400647653,25484.629430821922,1,4.0,1.2
budget_36000_lead_1_safety_4,36000.0,FOODS,node_only,600,45539.0,43639.0,1900.0,673,72558.304,38058,14.625198412698413,35197.347,482.32775547945204,4778.0,95.82775203671578,29937.019244520547,1,4.0,1.2
budget_36000_lead_1_safety_4,36000.0,HOBBIES,node_only,600,18822.0,17553.0,1269.0,641,47553.17,14325,6.577857142857143,24939.021000000004,389.63936986301366,3522.0,93.25788970353841,21027.38163013699,1,4.0,1.2
budget_36000_lead_1_safety_4,36000.0,HOUSEHOLD,node_only,600,25631.0,24675.0,956.0,536,59142.971999999994,20996,9.088214285714285,30029.640000000003,453.8322705479452,4352.0,96.27014162537552,25223.80772945206,1,4.0,1.2
budget_36000_lead_1_safety_4,36000.0,FOODS,cross_store,600,45539.0,43588.0,1951.0,707,72101.59599999999,37892,14.244642857142857,35129.139,470.33440616438355,4784.0,95.71576011770131,29874.804593835623,1,4.0,1.2
budget_36000_lead_1_safety_4,36000.0,HOBBIES,cross_store,600,18822.0,17609.0,1213.0,598,47557.405,14275,6.524166666666667,25063.428000000004,386.21939520547943,3496.0,93.55541387737753,21181.208604794523,1,4.0,1.2
budget_36000_lead_1_safety_4,36000.0,HOUSEHOLD,cross_store,600,25631.0,24565.0,1066.0,592,58694.026999999995,20757,8.797261904761905,29922.903000000006,443.275901369863,4206.0,95.84097382076392,25273.627098630142,1,4.0,1.2
budget_36000_lead_1_safety_4,36000.0,FOODS,full,600,45539.0,43660.0,1879.0,642,72938.55799999999,38209,14.72904761904762,35243.052,488.29970479452055,4798.0,95.87386635630997,29956.752295205486,1,4.0,1.2
budget_36000_lead_1_safety_4,36000.0,HOBBIES,full,600,18822.0,17574.0,1248.0,637,47710.642,14277,6.55813492063492,24882.342000000004,387.6064739726027,3486.0,93.36946126872809,21008.7355260274,1,4.0,1.2
budget_36000_lead_1_safety_4,36000.0,HOUSEHOLD,full,600,25631.0,24624.0,1007.0,560,58975.007,20922,8.950277777777778,29997.684000000005,447.6448650684931,4244.0,96.07116382505559,25306.03913493151,1,4.0,1.2
budget_36000_lead_3_safety_0,36000.0,FOODS,lightgbm,600,45539.0,41625.0,3914.0,1379,66841.061,35534,10.205079365079365,33409.40700000001,340.56564931506847,5092.0,91.40516919563451,27976.84135068494,3,0.0,1.2
budget_36000_lead_3_safety_0,36000.0,HOBBIES,lightgbm,600,18822.0,17022.0,1800.0,851,45066.462,14104,5.194801587301587,23875.761000000002,292.5494369863014,4032.0,90.43672298374243,19551.2115630137,3,0.0,1.2
budget_36000_lead_3_safety_0,36000.0,HOUSEHOLD,lightgbm,600,25631.0,23644.0,1987.0,1018,55477.17,19733,6.492738095238095,28738.716000000004,329.2373910958904,4654.0,92.24766883851586,23755.478608904115,3,0.0,1.2
budget_36000_lead_3_safety_0,36000.0,FOODS,node_only,600,45539.0,41041.0,4498.0,1567,65463.657,34686,9.576468253968255,32923.149000000005,319.3388924657534,4904.0,90.12275192691979,27699.810107534253,3,0.0,1.2
budget_36000_lead_3_safety_0,36000.0,HOBBIES,node_only,600,18822.0,16532.0,2290.0,1037,43586.606,13283,4.8181746031746036,23578.941000000003,281.60259726027397,3728.0,87.8333864626501,19569.33840273973,3,0.0,1.2
budget_36000_lead_3_safety_0,36000.0,HOUSEHOLD,node_only,600,25631.0,23403.0,2228.0,1134,54072.235,19267,6.2307539682539685,28425.351000000002,317.0116034246575,4508.0,91.3074011938668,23600.339396575346,3,0.0,1.2
budget_36000_lead_3_safety_0,36000.0,FOODS,cross_store,600,45539.0,40905.0,4634.0,1582,64896.223,34477,9.30670634920635,32742.297000000006,311.45168561643834,4962.0,89.82410680954786,27468.84531438357,3,0.0,1.2
budget_36000_lead_3_safety_0,36000.0,HOBBIES,cross_store,600,18822.0,16502.0,2320.0,1020,43618.316,13274,4.813928571428572,23527.842000000004,282.1468328767123,3772.0,87.67399851237913,19473.695167123293,3,0.0,1.2
budget_36000_lead_3_safety_0,36000.0,HOUSEHOLD,cross_store,600,25631.0,23242.0,2389.0,1158,53872.581,19069,6.091349206349206,28330.221000000005,313.2276815068493,4524.0,90.67925558893528,23492.993318493154,3,0.0,1.2
budget_36000_lead_3_safety_0,36000.0,FOODS,full,600,45539.0,41154.0,4385.0,1501,65776.753,34888,9.614682539682539,33009.081000000006,322.21805,5004.0,90.37089088473616,27682.862950000006,3,0.0,1.2
budget_36000_lead_3_safety_0,36000.0,HOBBIES,full,600,18822.0,16551.0,2271.0,1004,43752.716,13339,4.836626984126984,23580.840000000004,281.56307602739724,3878.0,87.93433216448837,19421.276923972608,3,0.0,1.2
budget_36000_lead_3_safety_0,36000.0,HOUSEHOLD,full,600,25631.0,23314.0,2317.0,1155,53934.559,19201,6.191468253968254,28325.427000000003,315.39376917808215,4526.0,90.96016542468105,23484.033230821922,3,0.0,1.2
budget_36000_lead_3_safety_2,36000.0,FOODS,lightgbm,600,45539.0,42951.0,2588.0,966,72463.01299999999,38413,12.954960317460317,34480.13100000001,429.58215616438355,4850.0,94.31695909001076,29200.548843835626,3,2.0,1.2
budget_36000_lead_3_safety_2,36000.0,HOBBIES,lightgbm,600,18822.0,17340.0,1482.0,736,48121.121999999996,14687,6.110039682539682,24419.823000000004,350.2240047945205,3516.0,92.1262352566146,20553.598995205484,3,2.0,1.2
budget_36000_lead_3_safety_2,36000.0,HOUSEHOLD,lightgbm,600,25631.0,24385.0,1246.0,725,60069.807,21341,8.010555555555555,29628.789000000004,401.7163595890411,4430.0,95.13869923139947,24797.072640410963,3,2.0,1.2
budget_36000_lead_3_safety_2,36000.0,FOODS,node_only,600,45539.0,42574.0,2965.0,1070,71605.69499999999,37765,12.17531746031746,34163.592000000004,403.6191801369863,4904.0,93.48909725729594,28855.97281986302,3,2.0,1.2
budget_36000_lead_3_safety_2,36000.0,HOBBIES,node_only,600,18822.0,17159.0,1663.0,807,47091.933,14251,5.72313492063492,24284.256000000005,339.3820643835616,3626.0,91.16459462331315,20318.873935616444,3,2.0,1.2
budget_36000_lead_3_safety_2,36000.0,HOUSEHOLD,node_only,600,25631.0,24234.0,1397.0,776,58780.127,20943,7.732261904761905,29429.364000000005,389.42130547945203,4470.0,94.54956888143263,24569.942694520552,3,2.0,1.2
budget_36000_lead_3_safety_2,36000.0,FOODS,cross_store,600,45539.0,42512.0,3027.0,1093,70968.758,37548,11.806230158730159,34068.198000000004,392.2378369863014,4888.0,93.35295021849404,28787.960163013704,3,2.0,1.2
budget_36000_lead_3_safety_2,36000.0,HOBBIES,cross_store,600,18822.0,17136.0,1686.0,781,47274.240999999995,14234,5.69781746031746,24345.498000000003,337.252405479452,3572.0,91.04239719477208,20436.24559452055,3,2.0,1.2
budget_36000_lead_3_safety_2,36000.0,HOUSEHOLD,cross_store,600,25631.0,24069.0,1562.0,824,58338.189,20653,7.496825396825397,29297.931000000004,381.3327575342466,4358.0,93.90581717451524,24558.598242465756,3,2.0,1.2
budget_36000_lead_3_safety_2,36000.0,FOODS,full,600,45539.0,42685.0,2854.0,995,72065.546,38075,12.290555555555555,34222.893000000004,409.72366917808216,4964.0,93.73284437515098,28849.16933082192,3,2.0,1.2
budget_36000_lead_3_safety_2,36000.0,HOBBIES,full,600,18822.0,17159.0,1663.0,803,47054.434,14290,5.723730158730159,24239.838000000003,336.7833335616438,3600.0,91.16459462331315,20303.05466643836,3,2.0,1.2
budget_36000_lead_3_safety_2,36000.0,HOUSEHOLD,full,600,25631.0,24171.0,1460.0,819,58664.648,20904,7.655555555555556,29353.767000000003,385.71286849315067,4446.0,94.30377277515508,24522.05413150685,3,2.0,1.2
budget_36000_lead_3_safety_4,36000.0,FOODS,lightgbm,600,45539.0,43721.0,1818.0,668,77126.686,40818,15.9775,35115.495,527.7627369863013,4912.0,96.0078174751312,29675.7322630137,3,4.0,1.2
budget_36000_lead_3_safety_4,36000.0,HOBBIES,lightgbm,600,18822.0,17821.0,1001.0,503,51451.435,15824,7.319761904761905,24962.982000000004,415.9575623287671,3630.0,94.68175539262565,20917.024437671236,3,4.0,1.2
budget_36000_lead_3_safety_4,36000.0,HOUSEHOLD,lightgbm,600,25631.0,24819.0,812.0,495,63991.087999999996,22664,9.70468253968254,30208.869000000006,482.8296794520548,4438.0,96.83196129686708,25288.039320547952,3,4.0,1.2
budget_36000_lead_3_safety_4,36000.0,FOODS,node_only,600,45539.0,43415.0,2124.0,749,76420.393,40152,15.045634920634921,34882.956000000006,496.2511438356164,4938.0,95.33586596104438,29448.70485616439,3,4.0,1.2
budget_36000_lead_3_safety_4,36000.0,HOBBIES,node_only,600,18822.0,17565.0,1257.0,611,50075.823,15172,6.775396825396825,24731.811000000005,401.29564041095887,3658.0,93.3216448836468,20672.515359589048,3,4.0,1.2
budget_36000_lead_3_safety_4,36000.0,HOUSEHOLD,node_only,600,25631.0,24649.0,982.0,568,62548.591,22233,9.341825396825397,29984.880000000005,464.6418239726027,4448.0,96.16870196246732,25072.2381760274,3,4.0,1.2
budget_36000_lead_3_safety_4,36000.0,FOODS,cross_store,600,45539.0,43351.0,2188.0,779,75903.275,39928,14.589325396825396,34797.85800000001,482.6045143835616,4918.0,95.19532708228112,29397.25348561645,3,4.0,1.2
budget_36000_lead_3_safety_4,36000.0,HOBBIES,cross_store,600,18822.0,17575.0,1247.0,594,49895.621999999996,15091,6.712142857142857,24765.819000000003,397.8007705479452,3552.0,93.37477420040378,20816.018229452056,3,4.0,1.2
budget_36000_lead_3_safety_4,36000.0,HOUSEHOLD,cross_store,600,25631.0,24592.0,1039.0,582,62073.746,21953,9.06,29941.623000000003,455.3386849315068,4376.0,95.94631500916859,25110.284315068497,3,4.0,1.2
budget_36000_lead_3_safety_4,36000.0,FOODS,full,600,45539.0,43491.0,2048.0,704,76567.533,40325,15.12547619047619,34931.061,501.39607671232875,4926.0,95.50275587957574,29503.664923287673,3,4.0,1.2
budget_36000_lead_3_safety_4,36000.0,HOBBIES,full,600,18822.0,17572.0,1250.0,608,50245.068999999996,15158,6.744960317460317,24719.895000000004,398.29793835616437,3610.0,93.35883540537668,20711.59706164384,3,4.0,1.2
budget_36000_lead_3_safety_4,36000.0,HOUSEHOLD,full,600,25631.0,24664.0,967.0,568,62668.592,22254,9.215238095238096,30002.307000000004,459.48160616438355,4374.0,96.22722484491436,25168.82539383562,3,4.0,1.2
budget_36000_lead_5_safety_0,36000.0,FOODS,lightgbm,600,45539.0,41498.0,4041.0,1503,70856.877,37691,10.513293650793651,33164.274000000005,351.5987616438356,5200.0,91.12628735808867,27612.67523835617,5,0.0,1.2
budget_36000_lead_5_safety_0,36000.0,HOBBIES,lightgbm,600,18822.0,16927.0,1895.0,901,47866.854,14947,5.30968253968254,23751.441000000003,299.70637602739725,4058.0,89.93199447455106,19393.734623972607,5,0.0,1.2
budget_36000_lead_5_safety_0,36000.0,HOUSEHOLD,lightgbm,600,25631.0,23619.0,2012.0,1119,59151.903999999995,21061,6.659642857142857,28674.846000000005,336.4141219178082,4776.0,92.15013070110413,23562.431878082196,5,0.0,1.2
budget_36000_lead_5_safety_0,36000.0,FOODS,node_only,600,45539.0,40891.0,4648.0,1660,69401.787,36801,9.81686507936508,32648.415000000005,327.8042897260274,5170.0,89.7933639298184,27150.610710273977,5,0.0,1.2
budget_36000_lead_5_safety_0,36000.0,HOBBIES,node_only,600,18822.0,16529.0,2293.0,1059,46233.327,14167,4.910873015873016,23453.328000000005,289.28319383561643,3944.0,87.817447667623,19220.044806164387,5,0.0,1.2
budget_36000_lead_5_safety_0,36000.0,HOUSEHOLD,node_only,600,25631.0,23364.0,2267.0,1192,57694.784,20560,6.407777777777778,28382.814000000006,325.49197876712327,4766.0,91.1552416995045,23291.32202123288,5,0.0,1.2
budget_36000_lead_5_safety_0,36000.0,FOODS,cross_store,600,45539.0,40785.0,4754.0,1681,68729.66799999999,36545,9.494722222222222,32531.841000000004,318.1909116438356,5236.0,89.56059641186675,26977.650088356168,5,0.0,1.2
budget_36000_lead_5_safety_0,36000.0,HOBBIES,cross_store,600,18822.0,16496.0,2326.0,1020,46505.123,14202,4.91670634920635,23462.481000000003,288.7068684931507,4020.0,87.64212092232493,19153.774131506852,5,0.0,1.2
budget_36000_lead_5_safety_0,36000.0,HOUSEHOLD,cross_store,600,25631.0,23141.0,2490.0,1262,57270.723999999995,20285,6.246825396825397,28200.636000000006,320.19955684931506,4750.0,90.28520151379189,23130.43644315069,5,0.0,1.2
budget_36000_lead_5_safety_0,36000.0,FOODS,full,600,45539.0,40995.0,4544.0,1599,69714.239,36989,9.865912698412698,32755.125000000004,331.70289657534244,5214.0,90.0217396078087,27209.422103424662,5,0.0,1.2
budget_36000_lead_5_safety_0,36000.0,HOBBIES,full,600,18822.0,16521.0,2301.0,1046,46169.367999999995,14148,4.903730158730159,23420.592000000004,286.9167863013698,3988.0,87.7749442142174,19145.675213698636,5,0.0,1.2
budget_36000_lead_5_safety_0,36000.0,HOUSEHOLD,full,600,25631.0,23262.0,2369.0,1250,57461.725999999995,20472,6.346547619047619,28242.951000000005,322.53785410958903,4760.0,90.75728609886465,23160.413145890416,5,0.0,1.2
budget_36000_lead_5_safety_2,36000.0,FOODS,lightgbm,600,45539.0,42729.0,2810.0,1088,76399.449,40452,13.161785714285715,34158.32400000001,438.58933424657533,4962.0,93.82946485430071,28757.73466575343,5,2.0,1.2
budget_36000_lead_5_safety_2,36000.0,HOBBIES,lightgbm,600,18822.0,17279.0,1543.0,753,50916.543999999994,15559,6.241309523809524,24319.710000000003,356.3552280821918,3622.0,91.80214642439698,20341.35477191781,5,2.0,1.2
budget_36000_lead_5_safety_2,36000.0,HOUSEHOLD,lightgbm,600,25631.0,24315.0,1316.0,790,63497.405999999995,22567,8.141865079365079,29543.604000000003,406.8363178082192,4510.0,94.86559244664664,24626.767682191785,5,2.0,1.2
budget_36000_lead_5_safety_2,36000.0,FOODS,node_only,600,45539.0,42381.0,3158.0,1166,75371.28899999999,39784,12.300079365079364,33833.505000000005,408.1734568493151,5040.0,93.06528470102549,28385.331543150693,5,2.0,1.2
budget_36000_lead_5_safety_2,36000.0,HOBBIES,node_only,600,18822.0,17102.0,1720.0,819,49713.965,15031,5.79984126984127,24159.507000000005,343.59247808219175,3708.0,90.86175751779832,20107.914521917814,5,2.0,1.2
budget_36000_lead_5_safety_2,36000.0,HOUSEHOLD,node_only,600,25631.0,24155.0,1476.0,841,62035.210999999996,22117,7.842539682539683,29305.938000000006,393.671355479452,4602.0,94.24134836721159,24310.266644520554,5,2.0,1.2
budget_36000_lead_5_safety_2,36000.0,FOODS,cross_store,600,45539.0,42287.0,3252.0,1214,74690.007,39511,11.878769841269841,33741.9,395.6302,5016.0,92.85886822284196,28330.269800000002,5,2.0,1.2
budget_36000_lead_5_safety_2,36000.0,HOBBIES,cross_store,600,18822.0,16974.0,1848.0,865,49654.962,14923,5.737460317460317,24124.185000000005,341.9246369863014,3568.0,90.18170226330889,20214.260363013702,5,2.0,1.2
budget_36000_lead_5_safety_2,36000.0,HOUSEHOLD,cross_store,600,25631.0,23984.0,1647.0,894,61547.009999999995,21786,7.596031746031746,29222.799000000003,384.59900547945205,4488.0,93.57418750731536,24350.19999452055,5,2.0,1.2
budget_36000_lead_5_safety_2,36000.0,FOODS,full,600,45539.0,42475.0,3064.0,1129,75757.185,40039,12.36984126984127,33909.57000000001,413.14830410958905,5028.0,93.27170117920903,28468.421695890414,5,2.0,1.2
budget_36000_lead_5_safety_2,36000.0,HOBBIES,full,600,18822.0,17070.0,1752.0,842,49717.632999999994,15078,5.772896825396826,24112.677000000003,340.74256712328764,3666.0,90.69174370417596,20105.934432876715,5,2.0,1.2
budget_36000_lead_5_safety_2,36000.0,HOUSEHOLD,full,600,25631.0,24108.0,1523.0,869,62095.299,22129,7.739920634920635,29258.640000000003,389.4772815068493,4554.0,94.05797666887753,24315.162718493153,5,2.0,1.2
budget_36000_lead_5_safety_4,36000.0,FOODS,lightgbm,600,45539.0,43488.0,2051.0,772,81347.231,42926,16.060396825396825,34774.323000000004,533.2974691780821,4888.0,95.49616811963372,29353.02553082192,5,4.0,1.2
budget_36000_lead_5_safety_4,36000.0,HOBBIES,lightgbm,600,18822.0,17671.0,1151.0,567,53908.952999999994,16505,7.377539682539682,24788.238000000005,418.50700547945206,3656.0,93.88481564127085,20713.730994520552,5,4.0,1.2
budget_36000_lead_5_safety_4,36000.0,HOUSEHOLD,lightgbm,600,25631.0,24754.0,877.0,547,67503.401,23860,9.776071428571429,30121.818000000003,486.3016698630137,4526.0,96.57836213959658,25109.51633013699,5,4.0,1.2
budget_36000_lead_5_safety_4,36000.0,FOODS,node_only,600,45539.0,43206.0,2333.0,847,79947.658,42109,15.037420634920634,34528.278000000006,496.7069828767123,5012.0,94.87691868508311,29019.571017123293,5,4.0,1.2
budget_36000_lead_5_safety_4,36000.0,HOBBIES,node_only,600,18822.0,17487.0,1335.0,645,52665.297999999995,15979,6.815833333333333,24587.967000000004,403.71717534246574,3704.0,92.90723621294231,20480.249824657538,5,4.0,1.2
budget_36000_lead_5_safety_4,36000.0,HOUSEHOLD,node_only,600,25631.0,24601.0,1030.0,607,65969.253,23449,9.407619047619047,29905.518000000004,467.05305547945204,4536.0,95.98142873863681,24902.46494452055,5,4.0,1.2
budget_36000_lead_5_safety_4,36000.0,FOODS,cross_store,600,45539.0,43135.0,2404.0,882,79290.58899999999,41812,14.526785714285714,34447.39800000001,481.65002123287667,4950.0,94.72100836645512,29015.747978767133,5,4.0,1.2
budget_36000_lead_5_safety_4,36000.0,HOBBIES,cross_store,600,18822.0,17494.0,1328.0,630,52624.81,15883,6.786230158730159,24673.311000000005,402.3849938356164,3678.0,92.94442673467219,20592.926006164387,5,4.0,1.2
budget_36000_lead_5_safety_4,36000.0,HOUSEHOLD,cross_store,600,25631.0,24536.0,1095.0,630,65633.834,23226,9.130198412698412,29856.747000000003,457.63367808219175,4470.0,95.72782958136631,24929.113321917812,5,4.0,1.2
budget_36000_lead_5_safety_4,36000.0,FOODS,full,600,45539.0,43257.0,2282.0,821,80203.529,42245,15.064166666666667,34570.491,501.16183561643834,4902.0,94.98891060409758,29167.329164383562,5,4.0,1.2
budget_36000_lead_5_safety_4,36000.0,HOBBIES,full,600,18822.0,17417.0,1405.0,675,52753.575,15876,6.748968253968254,24528.861000000004,399.1138075342466,3618.0,92.53533099564339,20511.74719246576,5,4.0,1.2
budget_36000_lead_5_safety_4,36000.0,HOUSEHOLD,full,600,25631.0,24572.0,1059.0,622,65926.735,23421,9.248214285714285,29886.684000000005,460.7136924657534,4448.0,95.86828449923921,24977.97030753425,5,4.0,1.2
budget_25000_lead_1_safety_0,25000.0,FOODS,lightgbm,600,45539.0,35263.0,10276.0,4325,50580.907999999996,25898,7.857142857142857,29114.376000000004,268.1567047945205,2428.0,77.4347262785744,26418.219295205483,1,0.0,1.2
budget_25000_lead_1_safety_0,25000.0,HOBBIES,lightgbm,600,18822.0,11482.0,7340.0,3055,32693.093999999997,6664,3.419563492063492,20544.645000000004,234.17022328767123,1462.0,61.003081500371906,18848.474776712334,1,0.0,1.2
budget_25000_lead_1_safety_0,25000.0,HOUSEHOLD,lightgbm,600,25631.0,19103.0,6528.0,3489,39455.241,13229,4.843968253968254,24250.086000000003,257.7176335616438,2038.0,74.53084155904959,21954.36836643836,1,0.0,1.2
budget_25000_lead_1_safety_0,25000.0,FOODS,node_only,600,45539.0,35123.0,10416.0,4320,50171.407999999996,25672,7.488650793650794,28936.665000000005,255.6354595890411,2440.0,77.12729748127978,26241.029540410964,1,0.0,1.2
budget_25000_lead_1_safety_0,25000.0,HOBBIES,node_only,600,18822.0,11048.0,7774.0,3137,31985.03,6185,3.24265873015873,20356.536000000004,230.2731602739726,1422.0,58.69726915311869,18704.26283972603,1,0.0,1.2
budget_25000_lead_1_safety_0,25000.0,HOUSEHOLD,node_only,600,25631.0,19191.0,6440.0,3420,39274.536,13238,4.735595238095238,24304.230000000003,252.40615821917808,2060.0,74.87417580273888,21991.823841780824,1,0.0,1.2
budget_25000_lead_1_safety_0,25000.0,FOODS,cross_store,600,45539.0,34889.0,10650.0,4325,49410.214,25329,7.261150793650794,28729.644000000004,248.24479246575342,2458.0,76.61345220580162,26023.39920753425,1,0.0,1.2
budget_25000_lead_1_safety_0,25000.0,HOBBIES,cross_store,600,18822.0,11122.0,7700.0,3071,32140.793999999998,6245,3.2368253968253966,20465.424000000003,229.4817719178082,1474.0,59.09042609712039,18761.942228082193,1,0.0,1.2
budget_25000_lead_1_safety_0,25000.0,HOUSEHOLD,cross_store,600,25631.0,18993.0,6638.0,3484,38962.854,13033,4.631507936507936,24126.360000000004,249.7381417808219,2072.0,74.10167375443798,21804.621858219183,1,0.0,1.2
budget_25000_lead_1_safety_0,25000.0,FOODS,full,600,45539.0,35075.0,10464.0,4257,50390.109,25658,7.47531746031746,29023.401000000005,256.62865890410956,2468.0,77.02189332220733,26298.772341095897,1,0.0,1.2
budget_25000_lead_1_safety_0,25000.0,HOBBIES,full,600,18822.0,11011.0,7811.0,3137,31945.515,6143,3.2305555555555556,20362.623000000003,228.17900479452055,1422.0,58.50069068111784,18712.44399520548,1,0.0,1.2
budget_25000_lead_1_safety_0,25000.0,HOUSEHOLD,full,600,25631.0,18884.0,6747.0,3547,38454.115,12922,4.628809523809524,23986.533000000003,248.0613397260274,2016.0,73.67640747532285,21722.471660273975,1,0.0,1.2
budget_25000_lead_1_safety_2,25000.0,FOODS,lightgbm,600,45539.0,35786.0,9753.0,4255,54059.845,27445,9.77984126984127,29686.905000000006,334.5396897260274,2196.0,78.58319242846791,27156.365310273977,1,2.0,1.2
budget_25000_lead_1_safety_2,25000.0,HOBBIES,lightgbm,600,18822.0,11503.0,7319.0,3057,34625.121999999996,6930,3.8526587301587303,20819.385000000002,273.46773904109585,1224.0,61.114653065561576,19321.917260958908,1,2.0,1.2
budget_25000_lead_1_safety_2,25000.0,HOUSEHOLD,lightgbm,600,25631.0,19113.0,6518.0,3518,41382.341,13618,5.695,24441.309000000005,305.46467191780823,1788.0,74.56985681401427,22347.844328082196,1,2.0,1.2
budget_25000_lead_1_safety_2,25000.0,FOODS,node_only,600,45539.0,35801.0,9738.0,4239,53988.165,27347,9.328611111111112,29598.471000000005,318.24465821917806,2264.0,78.61613122817805,27016.226341780828,1,2.0,1.2
budget_25000_lead_1_safety_2,25000.0,HOBBIES,node_only,600,18822.0,11264.0,7558.0,3078,34056.784999999996,6552,3.680079365079365,20756.757000000005,270.04878561643835,1270.0,59.8448623950696,19216.708214383565,1,2.0,1.2
budget_25000_lead_1_safety_2,25000.0,HOUSEHOLD,node_only,600,25631.0,19143.0,6488.0,3413,41080.417,13483,5.579007936507937,24556.878000000004,300.2288636986301,1864.0,74.68690257890836,22392.649136301374,1,2.0,1.2
budget_25000_lead_1_safety_2,25000.0,FOODS,cross_store,600,45539.0,35619.0,9920.0,4258,53401.271,27039,9.055595238095238,29487.282000000003,309.71949246575343,2396.0,78.21647379169504,26781.56250753425,1,2.0,1.2
budget_25000_lead_1_safety_2,25000.0,HOBBIES,cross_store,600,18822.0,11526.0,7296.0,2967,34557.621,6827,3.736031746031746,20967.729000000003,269.47928767123284,1422.0,61.23685049410265,19276.24971232877,1,2.0,1.2
budget_25000_lead_1_safety_2,25000.0,HOUSEHOLD,cross_store,600,25631.0,18968.0,6663.0,3471,40838.294,13229,5.434404761904762,24452.238000000005,296.5054198630137,1966.0,74.00413561702625,22189.73258013699,1,2.0,1.2
budget_25000_lead_1_safety_2,25000.0,FOODS,full,600,45539.0,35700.0,9839.0,4150,53973.401999999995,27247,9.364404761904762,29611.017000000003,320.9810828767123,2412.0,78.39434331012978,26878.035917123292,1,2.0,1.2
budget_25000_lead_1_safety_2,25000.0,HOBBIES,full,600,18822.0,11373.0,7449.0,3020,34491.716,6681,3.739642857142857,20862.573000000004,269.94313835616435,1388.0,60.42397194772075,19204.62986164384,1,2.0,1.2
budget_25000_lead_1_safety_2,25000.0,HOUSEHOLD,full,600,25631.0,18996.0,6635.0,3512,40529.041,13306,5.50218253968254,24350.394000000004,295.62620547945204,1884.0,74.11337833092739,22170.76779452055,1,2.0,1.2
budget_25000_lead_1_safety_4,25000.0,FOODS,lightgbm,600,45539.0,35698.0,9841.0,4195,56143.856999999996,28106,11.543968253968254,29708.577000000005,396.93964589041093,2074.0,78.38995147016843,27237.637354109593,1,4.0,1.2
budget_25000_lead_1_safety_4,25000.0,HOBBIES,lightgbm,600,18822.0,11669.0,7153.0,2959,36344.475999999995,7258,4.321944444444444,21028.470000000005,318.05340479452053,1194.0,61.996599723727556,19516.416595205483,1,4.0,1.2
budget_25000_lead_1_safety_4,25000.0,HOUSEHOLD,lightgbm,600,25631.0,19514.0,6117.0,3364,43863.505,14462,6.798769841269841,24812.571000000004,359.8436445205479,1742.0,76.1343685380984,22710.727355479456,1,4.0,1.2
budget_25000_lead_1_safety_4,25000.0,FOODS,node_only,600,45539.0,35890.0,9649.0,4144,56341.25,28190,11.015952380952381,29771.601000000006,378.1175808219178,2114.0,78.8115681064582,27279.483419178086,1,4.0,1.2
budget_25000_lead_1_safety_4,25000.0,HOBBIES,node_only,600,18822.0,11332.0,7490.0,3055,35665.483,6839,4.134484126984127,20865.999000000003,311.87378561643834,1156.0,60.20614174901711,19398.125214383566,1,4.0,1.2
budget_25000_lead_1_safety_4,25000.0,HOUSEHOLD,node_only,600,25631.0,19358.0,6273.0,3383,43018.884999999995,14007,6.505873015873016,24774.858000000004,348.93912602739726,1746.0,75.52573056064921,22679.918873972605,1,4.0,1.2
budget_25000_lead_1_safety_4,25000.0,FOODS,cross_store,600,45539.0,35884.0,9655.0,4077,56191.968,28071,10.811904761904762,29844.156000000003,372.1650924657534,2256.0,78.79839258657414,27215.990907534248,1,4.0,1.2
budget_25000_lead_1_safety_4,25000.0,HOBBIES,cross_store,600,18822.0,11467.0,7355.0,2875,36092.546,6869,4.142777777777778,21163.233000000004,309.0641294520548,1290.0,60.92338752523643,19564.16887054795,1,4.0,1.2
budget_25000_lead_1_safety_4,25000.0,HOUSEHOLD,cross_store,600,25631.0,19246.0,6385.0,3386,42454.041,13850,6.374126984126984,24592.218000000004,341.18625684931504,1796.0,75.08875970504467,22455.03174315069,1,4.0,1.2
budget_25000_lead_1_safety_4,25000.0,FOODS,full,600,45539.0,35936.0,9603.0,4028,56623.21,28248,11.054325396825396,29937.996000000003,381.6377945205479,2188.0,78.91258042556929,27368.358205479453,1,4.0,1.2
budget_25000_lead_1_safety_4,25000.0,HOBBIES,full,600,18822.0,11333.0,7489.0,2986,35829.079999999994,6800,4.144166666666667,20865.018000000004,310.5696520547945,1224.0,60.2114546806928,19330.44834794521,1,4.0,1.2
budget_25000_lead_1_safety_4,25000.0,HOUSEHOLD,full,600,25631.0,19258.0,6373.0,3408,42513.687999999995,13901,6.428174603174603,24603.957000000002,342.87301712328764,1760.0,75.1355780110023,22501.083982876713,1,4.0,1.2
budget_25000_lead_3_safety_0,25000.0,FOODS,lightgbm,600,45539.0,35255.0,10284.0,4374,53642.469999999994,27514,8.397023809523809,29012.271000000004,288.9777493150685,2268.0,77.417158918729,26455.293250684936,3,0.0,1.2
budget_25000_lead_3_safety_0,25000.0,HOBBIES,lightgbm,600,18822.0,11346.0,7476.0,3128,34442.989,6896,3.5032936507936507,20434.416000000005,244.8697712328767,1270.0,60.28052279247689,18919.54622876713,3,0.0,1.2
budget_25000_lead_3_safety_0,25000.0,HOUSEHOLD,lightgbm,600,25631.0,18989.0,6642.0,3518,41981.562,13904,5.111944444444444,24254.088000000003,271.3277623287671,1882.0,74.08606765245212,22100.760237671235,3,0.0,1.2
budget_25000_lead_3_safety_0,25000.0,FOODS,node_only,600,45539.0,35002.0,10537.0,4378,53113.094999999994,27084,7.959325396825397,28765.239000000005,273.0297308219178,2316.0,76.861591163618,26176.20926917809,3,0.0,1.2
budget_25000_lead_3_safety_0,25000.0,HOBBIES,node_only,600,18822.0,11346.0,7476.0,3098,34066.045999999995,6815,3.4643253968253966,20412.792000000005,243.07108287671232,1318.0,60.28052279247689,18851.720917123293,3,0.0,1.2
budget_25000_lead_3_safety_0,25000.0,HOUSEHOLD,node_only,600,25631.0,19205.0,6426.0,3363,41946.205,13963,5.031071428571429,24460.506000000005,268.1103801369863,2008.0,74.92879715968944,22184.39561986302,3,0.0,1.2
budget_25000_lead_3_safety_0,25000.0,FOODS,cross_store,600,45539.0,35182.0,10357.0,4263,52915.268,27168,7.808968253968254,28775.868000000006,268.3608506849315,2518.0,77.25685676013966,25989.507149315075,3,0.0,1.2
budget_25000_lead_3_safety_0,25000.0,HOBBIES,cross_store,600,18822.0,11385.0,7437.0,2996,34224.848,6857,3.478968253968254,20452.920000000002,243.6379006849315,1502.0,60.48772712782914,18707.28209931507,3,0.0,1.2
budget_25000_lead_3_safety_0,25000.0,HOUSEHOLD,cross_store,600,25631.0,19003.0,6628.0,3450,41643.244999999995,13696,4.926388888888889,24282.945000000003,265.3215801369863,2110.0,74.14068900940268,21907.623419863015,3,0.0,1.2
budget_25000_lead_3_safety_0,25000.0,FOODS,full,600,45539.0,35363.0,10176.0,4185,53799.528999999995,27554,8.062222222222223,29029.371000000003,277.24186575342463,2494.0,77.654318276642,26258.129134246577,3,0.0,1.2
budget_25000_lead_3_safety_0,25000.0,HOBBIES,full,600,18822.0,11305.0,7517.0,3083,33862.626,6752,3.461547619047619,20328.567000000003,240.9301808219178,1386.0,60.06269259377324,18701.636819178086,3,0.0,1.2
budget_25000_lead_3_safety_0,25000.0,HOUSEHOLD,full,600,25631.0,18984.0,6647.0,3466,41331.85,13681,4.971468253968254,24193.230000000003,265.14199657534243,2012.0,74.06656002496976,21916.088003424662,3,0.0,1.2
budget_25000_lead_3_safety_2,25000.0,FOODS,lightgbm,600,45539.0,35395.0,10144.0,4392,56393.280999999995,28743,10.208650793650794,29243.133000000005,350.84048424657533,2126.0,77.72458771602363,26766.29251575343,3,2.0,1.2
budget_25000_lead_3_safety_2,25000.0,HOBBIES,lightgbm,600,18822.0,11454.0,7368.0,3097,36334.227999999996,7230,3.913293650793651,20609.880000000005,285.3802910958904,1180.0,60.854319413452345,19144.499708904114,3,2.0,1.2
budget_25000_lead_3_safety_2,25000.0,HOUSEHOLD,lightgbm,600,25631.0,19153.0,6478.0,3506,43623.909,14364,5.9928968253968256,24354.747000000003,318.32459726027395,1730.0,74.72591783387304,22306.42240273973,3,2.0,1.2
budget_25000_lead_3_safety_2,25000.0,FOODS,node_only,600,45539.0,35238.0,10301.0,4356,56050.225,28207,9.592023809523809,29116.728000000003,329.79814863013695,2124.0,77.3798282790575,26662.929851369867,3,2.0,1.2
budget_25000_lead_3_safety_2,25000.0,HOBBIES,node_only,600,18822.0,11275.0,7547.0,3122,35604.708999999995,6943,3.7636904761904764,20561.052000000003,281.0694609589041,1160.0,59.90330464350228,19119.9825390411,3,2.0,1.2
budget_25000_lead_3_safety_2,25000.0,HOUSEHOLD,node_only,600,25631.0,19111.0,6520.0,3444,43370.971,14250,5.839642857142858,24443.925000000003,313.2392794520548,1786.0,74.56205376302134,22344.685720547946,3,2.0,1.2
budget_25000_lead_3_safety_2,25000.0,FOODS,cross_store,600,45539.0,35194.0,10345.0,4270,55632.843,28020,9.373968253968254,29110.206000000006,322.4375383561644,2230.0,77.28320779990777,26557.768461643842,3,2.0,1.2
budget_25000_lead_3_safety_2,25000.0,HOBBIES,cross_store,600,18822.0,11257.0,7565.0,3045,36173.242,6910,3.7459920634920634,20741.781000000003,279.22245342465754,1212.0,59.80767187333971,19250.558546575347,3,2.0,1.2
budget_25000_lead_3_safety_2,25000.0,HOUSEHOLD,cross_store,600,25631.0,18969.0,6662.0,3500,42932.477,13923,5.672698412698413,24331.449000000004,307.26081917808216,1786.0,74.00803714252272,22238.188180821922,3,2.0,1.2
budget_25000_lead_3_safety_2,25000.0,FOODS,full,600,45539.0,35326.0,10213.0,4259,56418.278,28331,9.663412698412698,29208.321000000004,334.37565,2196.0,77.57306923735699,26677.94535,3,2.0,1.2
budget_25000_lead_3_safety_2,25000.0,HOBBIES,full,600,18822.0,11248.0,7574.0,3116,35637.329,6886,3.740357142857143,20551.452000000005,277.89361369863013,1168.0,59.759855488258424,19105.558386301374,3,2.0,1.2
budget_25000_lead_3_safety_2,25000.0,HOUSEHOLD,full,600,25631.0,18999.0,6632.0,3520,42910.126,14080,5.759603174603175,24316.860000000004,308.4800034246575,1782.0,74.1250829074168,22226.379996575346,3,2.0,1.2
budget_25000_lead_3_safety_4,25000.0,FOODS,lightgbm,600,45539.0,36153.0,9386.0,3966,59649.324,30268,12.157222222222222,29761.725000000006,417.70261438356164,2150.0,79.38909506137597,27194.022385616445,3,4.0,1.2
budget_25000_lead_3_safety_4,25000.0,HOBBIES,lightgbm,600,18822.0,12136.0,6686.0,2832,38182.935,7940,4.609166666666667,20971.086000000003,330.5025547945205,1220.0,64.47773881627882,19420.583445205484,3,4.0,1.2
budget_25000_lead_3_safety_4,25000.0,HOUSEHOLD,lightgbm,600,25631.0,19754.0,5877.0,3182,46661.447,15552,7.097301587301588,25004.301000000003,369.113552739726,1748.0,77.07073465725098,22887.187447260276,3,4.0,1.2
budget_25000_lead_3_safety_4,25000.0,FOODS,node_only,600,45539.0,36026.0,9513.0,4027,59144.61,29771,11.519920634920634,29589.462000000003,394.14854931506846,2100.0,79.11021322383013,27095.313450684935,3,4.0,1.2
budget_25000_lead_3_safety_4,25000.0,HOBBIES,node_only,600,18822.0,11399.0,7423.0,2966,37229.282999999996,7171,4.265238095238095,20765.151000000005,321.64209383561644,1178.0,60.56210817128892,19265.50890616439,3,4.0,1.2
budget_25000_lead_3_safety_4,25000.0,HOUSEHOLD,node_only,600,25631.0,19772.0,5859.0,3179,46164.208999999995,15353,6.898293650793651,25023.051000000003,363.05746438356164,1766.0,77.14096211618742,22893.993535616442,3,4.0,1.2
budget_25000_lead_3_safety_4,25000.0,FOODS,cross_store,600,45539.0,35948.0,9591.0,3952,58937.2,29539,11.180714285714286,29642.844000000005,385.24371027397257,2246.0,78.9389314653374,27011.600289726033,3,4.0,1.2
budget_25000_lead_3_safety_4,25000.0,HOBBIES,cross_store,600,18822.0,11795.0,7027.0,2774,38053.309,7705,4.440079365079365,21029.232000000004,324.3121335616438,1308.0,62.66602911486558,19396.91986643836,3,4.0,1.2
budget_25000_lead_3_safety_4,25000.0,HOUSEHOLD,cross_store,600,25631.0,19579.0,6052.0,3211,45542.706999999995,15083,6.750396825396826,24876.723000000005,355.93423561643834,1818.0,76.38796769536889,22702.788764383567,3,4.0,1.2
budget_25000_lead_3_safety_4,25000.0,FOODS,full,600,45539.0,35952.0,9587.0,3948,59476.066999999995,29798,11.494801587301588,29746.296000000006,397.418551369863,2176.0,78.9477151452601,27172.877448630144,3,4.0,1.2
budget_25000_lead_3_safety_4,25000.0,HOBBIES,full,600,18822.0,11591.0,7231.0,2906,37716.426999999996,7391,4.351626984126984,20877.408000000003,320.2598143835616,1228.0,61.58219105302306,19329.148185616443,3,4.0,1.2
budget_25000_lead_3_safety_4,25000.0,HOUSEHOLD,full,600,25631.0,19603.0,6028.0,3244,45352.740999999995,15027,6.786150793650793,24799.131000000005,357.4473719178082,1766.0,76.48160430728414,22675.683628082195,3,4.0,1.2
budget_25000_lead_5_safety_0,25000.0,FOODS,lightgbm,600,45539.0,34621.0,10918.0,4617,56189.223999999995,28706,8.650436507936508,28460.076000000005,298.53575547945206,2182.0,76.02494565098048,25979.54024452055,5,0.0,1.2
budget_25000_lead_5_safety_0,25000.0,HOBBIES,lightgbm,600,18822.0,11353.0,7469.0,3150,36189.811,7121,3.6298809523809523,20235.501000000004,251.57148013698628,1224.0,60.31771331420678,18759.929519863017,5,0.0,1.2
budget_25000_lead_5_safety_0,25000.0,HOUSEHOLD,lightgbm,600,25631.0,18900.0,6731.0,3606,43972.488,14599,5.237896825396826,24011.799000000003,277.50389589041094,1822.0,73.73883188326636,21912.29510410959,5,0.0,1.2
budget_25000_lead_5_safety_0,25000.0,FOODS,node_only,600,45539.0,34578.0,10961.0,4560,55511.253,28291,8.17563492063492,28301.406000000003,280.5103623287671,2228.0,75.93052109181141,25792.895637671234,5,0.0,1.2
budget_25000_lead_5_safety_0,25000.0,HOBBIES,node_only,600,18822.0,11233.0,7589.0,3180,35609.287,7108,3.491904761904762,20118.294,249.43171917808218,1218.0,59.68016151312294,18650.86228082192,5,0.0,1.2
budget_25000_lead_5_safety_0,25000.0,HOUSEHOLD,node_only,600,25631.0,18954.0,6677.0,3512,43904.812,14601,5.165753968253968,24166.419000000005,274.4124178082192,1898.0,73.94951426007569,21994.006582191785,5,0.0,1.2
budget_25000_lead_5_safety_0,25000.0,FOODS,cross_store,600,45539.0,34574.0,10965.0,4479,55114.43,28176,7.94281746031746,28260.186000000005,273.56418561643835,2324.0,75.92173741188871,25662.62181438357,5,0.0,1.2
budget_25000_lead_5_safety_0,25000.0,HOBBIES,cross_store,600,18822.0,11384.0,7438.0,3061,36041.123999999996,7122,3.531865079365079,20335.236000000004,248.4570410958904,1294.0,60.482414196153435,18792.778958904113,5,0.0,1.2
budget_25000_lead_5_safety_0,25000.0,HOUSEHOLD,cross_store,600,25631.0,18843.0,6788.0,3526,43583.049999999996,14330,5.023650793650794,24066.540000000005,269.5483479452055,1910.0,73.51644492996762,21886.9916520548,5,0.0,1.2
budget_25000_lead_5_safety_0,25000.0,FOODS,full,600,45539.0,34811.0,10728.0,4395,56285.403999999995,28639,8.245793650793651,28526.151000000005,284.8541356164383,2326.0,76.4421704473089,25915.296864383567,5,0.0,1.2
budget_25000_lead_5_safety_0,25000.0,HOBBIES,full,600,18822.0,11236.0,7586.0,3151,35587.615,7080,3.538293650793651,20217.360000000004,245.81623835616438,1230.0,59.69610030815004,18741.54376164384,5,0.0,1.2
budget_25000_lead_5_safety_0,25000.0,HOUSEHOLD,full,600,25631.0,18717.0,6914.0,3627,43092.496999999996,14296,5.0500396825396825,23864.580000000005,269.4997315068493,1876.0,73.02485271741251,21719.080268493155,5,0.0,1.2
budget_25000_lead_5_safety_2,25000.0,FOODS,lightgbm,600,45539.0,35306.0,10233.0,4316,59391.765999999996,30027,10.466111111111111,28989.936000000005,361.3701719178082,2164.0,77.52915083774347,26464.565828082195,5,2.0,1.2
budget_25000_lead_5_safety_2,25000.0,HOBBIES,lightgbm,600,18822.0,11592.0,7230.0,3027,38366.111,7557,4.128968253968254,20552.370000000003,291.83129931506846,1210.0,61.587503984698756,19050.538700684934,5,2.0,1.2
budget_25000_lead_5_safety_2,25000.0,HOUSEHOLD,lightgbm,600,25631.0,19327.0,6304.0,3422,46735.801,15548,6.19968253968254,24538.053000000004,325.04663493150684,1756.0,75.40478327025868,22457.006365068497,5,2.0,1.2
budget_25000_lead_5_safety_2,25000.0,FOODS,node_only,600,45539.0,35385.0,10154.0,4298,58719.787,29722,9.881825396825397,28942.803000000004,338.516298630137,2136.0,77.70262851621686,26468.286701369867,5,2.0,1.2
budget_25000_lead_5_safety_2,25000.0,HOBBIES,node_only,600,18822.0,11328.0,7494.0,3083,37361.163,7350,3.926626984126984,20431.611000000004,285.2413890410959,1180.0,60.18489002231431,18966.369610958907,5,2.0,1.2
budget_25000_lead_5_safety_2,25000.0,HOUSEHOLD,node_only,600,25631.0,19405.0,6226.0,3386,46457.403999999995,15401,6.059603174603175,24573.060000000005,318.7015904109589,1796.0,75.70910225898326,22458.358409589047,5,2.0,1.2
budget_25000_lead_5_safety_2,25000.0,FOODS,cross_store,600,45539.0,35343.0,10196.0,4265,58575.761999999995,29747,9.607063492063492,28861.968000000004,329.6015253424657,2262.0,77.61039987702848,26270.366474657538,5,2.0,1.2
budget_25000_lead_5_safety_2,25000.0,HOBBIES,cross_store,600,18822.0,11656.0,7166.0,2925,38221.812999999995,7678,4.031349206349207,20788.290000000005,286.8950815068493,1274.0,61.92753161194347,19227.394918493155,5,2.0,1.2
budget_25000_lead_5_safety_2,25000.0,HOUSEHOLD,cross_store,600,25631.0,19213.0,6418.0,3392,45735.865,15113,5.914166666666667,24477.774000000005,314.222798630137,1826.0,74.96000936366119,22337.551201369868,5,2.0,1.2
budget_25000_lead_5_safety_2,25000.0,FOODS,full,600,45539.0,35233.0,10306.0,4241,59381.56,29919,9.908650793650793,28952.397000000004,342.75673561643833,2196.0,77.36884867915413,26413.640264383564,5,2.0,1.2
budget_25000_lead_5_safety_2,25000.0,HOBBIES,full,600,18822.0,11376.0,7446.0,3029,37958.172,7429,3.96218253968254,20544.729000000003,282.644302739726,1220.0,60.43991074274785,19042.084697260278,5,2.0,1.2
budget_25000_lead_5_safety_2,25000.0,HOUSEHOLD,full,600,25631.0,19234.0,6397.0,3435,45205.72,14932,5.932817460317461,24411.303000000004,313.2052191780822,1764.0,75.04194139908704,22334.09778082192,5,2.0,1.2
budget_25000_lead_5_safety_4,25000.0,FOODS,lightgbm,600,45539.0,35724.0,9815.0,4169,62327.251,31535,12.095039682539683,29209.758000000005,416.4222904109589,1702.0,78.447045389666,27091.335709589046,5,4.0,1.2
budget_25000_lead_5_safety_4,25000.0,HOBBIES,lightgbm,600,18822.0,11646.0,7176.0,3021,39348.140999999996,7933,4.543452380952381,20525.418000000005,326.2500116438356,930.0,61.874402295186485,19269.16798835617,5,4.0,1.2
budget_25000_lead_5_safety_4,25000.0,HOUSEHOLD,lightgbm,600,25631.0,19457.0,6174.0,3377,48323.723,16032,6.93015873015873,24697.734000000004,363.39243835616435,1416.0,75.91198158479966,22918.34156164384,5,4.0,1.2
budget_25000_lead_5_safety_4,25000.0,FOODS,node_only,600,45539.0,36044.0,9495.0,4007,62245.162,31492,11.679960317460317,29352.291000000005,397.87117328767124,1978.0,79.14973978348229,26976.419826712332,5,4.0,1.2
budget_25000_lead_5_safety_4,25000.0,HOBBIES,node_only,600,18822.0,11797.0,7025.0,2897,39166.883,7958,4.460952380952381,20765.511000000002,326.7109904109589,1134.0,62.67665497821698,19304.800009589042,5,4.0,1.2
budget_25000_lead_5_safety_4,25000.0,HOUSEHOLD,node_only,600,25631.0,19784.0,5847.0,3200,48586.831999999995,16114,6.957261904761904,24992.115000000005,362.465451369863,1634.0,77.18778042214505,22995.649548630143,5,4.0,1.2
budget_25000_lead_5_safety_4,25000.0,FOODS,cross_store,600,45539.0,35967.0,9572.0,3922,61463.325,31047,11.291825396825397,29333.025000000005,387.341351369863,2092.0,78.98065394497024,26853.683648630144,5,4.0,1.2
budget_25000_lead_5_safety_4,25000.0,HOBBIES,cross_store,600,18822.0,12175.0,6647.0,2769,40064.255,8446,4.568849206349206,20999.952000000005,327.2136479452055,1236.0,64.68494315163107,19436.7383520548,5,4.0,1.2
budget_25000_lead_5_safety_4,25000.0,HOUSEHOLD,cross_store,600,25631.0,19776.0,5855.0,3148,48471.765999999996,16217,6.882579365079365,25056.390000000003,359.4679794520548,1712.0,77.1565682181733,22984.922020547947,5,4.0,1.2
budget_25000_lead_5_safety_4,25000.0,FOODS,full,600,45539.0,36037.0,9502.0,3855,62766.55699999999,31741,11.631825396825397,29567.139000000003,401.354704109589,2042.0,79.13436834361755,27123.784295890415,5,4.0,1.2
budget_25000_lead_5_safety_4,25000.0,HOBBIES,full,600,18822.0,11660.0,7162.0,2906,39514.58,7887,4.435595238095238,20803.482000000004,324.0101123287671,1168.0,61.948783338646265,19311.471887671236,5,4.0,1.2
budget_25000_lead_5_safety_4,25000.0,HOUSEHOLD,full,600,25631.0,19644.0,5987.0,3221,47717.886999999995,16076,6.917301587301587,24831.630000000005,358.94882876712325,1662.0,76.64156685263939,22810.68117123288,5,4.0,1.2
