model,sku_store_nodes,days,demand_proxy_units,fulfilled_units,unmet_units,fill_rate_pct,stockout_sku_days,stockout_pct_of_positive_demand_days,mean_ending_inventory_units_per_sku,ending_inventory_units,replenishment_units,replenishment_spend,weekly_budget,purchase_budget_utilization_pct,gross_sales_proxy,gross_margin_proxy,holding_cost_proxy,ordering_fee_proxy,contribution_proxy,missing_starting_prices_imputed,lead_days,safety_days,initial_cover_weeks,scenario
lightgbm,1800,42,89992.0,81697.0,8295.0,90.78251400124455,3254,10.26207070547794,6.750343915343915,5187.0,64223.0,155339.751,36000.0,71.91655138888889,285689.61,85706.88300000002,893.6838534246575,13186.0,71627.19914657535,0,1,0.0,1.2,budget_36000_lead_1_safety_0
node_only,1800,42,89992.0,80347.0,9645.0,89.28238065605832,3695,11.652843041407802,6.389642857142857,4668.0,62354.0,151482.506,36000.0,70.13078981481482,281781.05,84534.315,857.651391780822,12872.0,70804.66360821918,0,1,0.0,1.2,budget_36000_lead_1_safety_0
cross_store,1800,42,89992.0,79900.0,10092.0,88.78566983731888,3764,11.870446876281182,6.270886243386244,4572.0,61811.0,150397.92599999998,36000.0,69.62866944444444,280325.98,84097.79400000002,845.764097260274,12918.0,70334.02990273976,0,1,0.0,1.2,budget_36000_lead_1_safety_0
full,1800,42,89992.0,80298.0,9694.0,89.22793137167749,3655,11.526695890756567,6.384801587301587,4724.0,62361.0,151354.595,36000.0,70.07157175925926,281537.18000000005,84461.15400000001,855.5856917808219,12804.0,70801.56830821918,0,1,0.0,1.2,budget_36000_lead_1_safety_0
lightgbm,1800,42,89992.0,84720.0,5272.0,94.1417014845764,2414,7.6129805418020124,8.583359788359788,7788.0,69847.0,170280.474,36000.0,78.83355277777777,296671.93,89001.57900000003,1126.1263904109587,12260.0,75615.45260958906,0,1,2.0,1.2,budget_36000_lead_1_safety_2
node_only,1800,42,89992.0,84028.0,5964.0,93.3727442439328,2598,8.193257434797692,8.173267195767195,7303.0,68670.0,167479.816,36000.0,77.53695185185185,294296.7,88289.01000000001,1083.2436136986303,12620.0,74585.76638630137,0,1,2.0,1.2,budget_36000_lead_1_safety_2
cross_store,1800,42,89992.0,83792.0,6200.0,93.11049871099654,2659,8.385631839540824,7.97797619047619,7080.0,68211.0,166542.229,36000.0,77.10288379629628,293582.95,88074.88500000001,1063.9931726027396,12364.0,74646.89182739727,0,1,2.0,1.2,budget_36000_lead_1_safety_2
full,1800,42,89992.0,84022.0,5970.0,93.36607698462086,2563,8.082878677977861,8.15910052910053,7401.0,68762.0,167692.336,36000.0,77.63534074074074,294286.05000000005,88285.81500000002,1080.9011835616438,12374.0,74830.91381643838,0,1,2.0,1.2,budget_36000_lead_1_safety_2
lightgbm,1800,42,89992.0,86492.0,3500.0,96.11076540136901,1625,5.124727995206408,10.631904761904762,10860.0,74691.0,182340.28399999999,36000.0,84.41679814814815,302568.31,90770.49300000002,1381.9950602739727,12544.0,76844.49793972605,0,1,4.0,1.2,budget_36000_lead_1_safety_4
node_only,1800,42,89992.0,85867.0,4125.0,95.41625922304205,1850,5.834305717619603,10.097089947089946,10173.0,73379.0,179254.446,36000.0,82.98816944444445,300553.36,90166.00800000002,1325.7993958904108,12652.0,76188.2086041096,0,1,4.0,1.2,budget_36000_lead_1_safety_4
cross_store,1800,42,89992.0,85762.0,4230.0,95.29958218508312,1897,5.982528619634804,9.855357142857143,9823.0,72924.0,178353.028,36000.0,82.5708462962963,300384.9,90115.47,1299.8297027397261,12486.0,76329.64029726028,0,1,4.0,1.2,budget_36000_lead_1_safety_4
full,1800,42,89992.0,85858.0,4134.0,95.40625833407414,1839,5.799615251190514,10.079153439153439,10211.0,73408.0,179624.207,36000.0,83.15935509259259,300410.26,90123.07800000001,1323.5510438356164,12528.0,76271.5269561644,0,1,4.0,1.2,budget_36000_lead_1_safety_4
lightgbm,1800,42,89992.0,82291.0,7701.0,91.4425726731265,3248,10.243148632880255,7.297539682539682,9741.0,69371.0,167384.69299999997,36000.0,77.4929134259259,286746.28,86023.88400000002,962.3524773972601,13778.0,71283.53152260276,0,3,0.0,1.2,budget_36000_lead_3_safety_0
node_only,1800,42,89992.0,80976.0,9016.0,89.98133167392658,3738,11.788451228357879,6.875132275132275,8921.0,67236.0,163122.498,36000.0,75.51967499999999,283091.47,84927.44100000002,917.9530931506849,13140.0,70869.48790684933,0,3,0.0,1.2,budget_36000_lead_3_safety_0
cross_store,1800,42,89992.0,80649.0,9343.0,89.6179660414259,3760,11.85783216121606,6.737328042328042,8832.0,66820.0,162387.12,36000.0,75.17922222222222,282001.2,84600.36000000002,906.8262,13258.0,70435.53380000002,0,3,0.0,1.2,budget_36000_lead_3_safety_0
full,1800,42,89992.0,81019.0,8973.0,90.02911369899546,3660,11.542464284587972,6.880925925925926,9070.0,67428.0,163464.028,36000.0,75.67779074074073,283051.16,84915.34800000003,919.1748952054795,13408.0,70588.17310479455,0,3,0.0,1.2,budget_36000_lead_3_safety_0
lightgbm,1800,42,89992.0,84676.0,5316.0,94.0928082496222,2427,7.653978365763663,9.025185185185185,12426.0,74441.0,180653.94199999998,36000.0,83.63608425925925,295095.81000000006,88528.74300000002,1181.522520547945,12796.0,74551.22047945207,0,3,2.0,1.2,budget_36000_lead_3_safety_2
node_only,1800,42,89992.0,83967.0,6025.0,93.30496044092808,2653,8.366709766943139,8.543571428571429,11653.0,72959.0,177477.75499999998,36000.0,82.1656273148148,292924.04,87877.21200000001,1132.4225499999998,13000.0,73744.78945000001,0,3,2.0,1.2,budget_36000_lead_3_safety_2
cross_store,1800,42,89992.0,83717.0,6275.0,93.0271579695973,2698,8.508625311425778,8.333624338624338,11379.0,72435.0,176581.18800000002,36000.0,81.75055,292372.08999999997,87711.62700000001,1110.8229999999999,12818.0,73782.804,0,3,2.0,1.2,budget_36000_lead_3_safety_2
full,1800,42,89992.0,84015.0,5977.0,93.3582985154236,2617,8.253177331357028,8.556613756613757,11915.0,73269.0,177784.62799999997,36000.0,82.30769814814813,292721.66000000003,87816.49800000002,1132.2198712328768,13010.0,73674.27812876714,0,3,2.0,1.2,budget_36000_lead_3_safety_2
lightgbm,1800,42,89992.0,86361.0,3631.0,95.96519690639168,1666,5.254028824623924,11.000648148148148,15606.0,79306.0,192569.20899999997,36000.0,89.15241157407407,300957.82,90287.346,1426.5499787671233,12980.0,75880.79602123288,0,3,4.0,1.2,budget_36000_lead_3_safety_4
node_only,1800,42,89992.0,85629.0,4363.0,95.15179127033514,1928,6.080292661389511,10.387619047619047,14589.0,77557.0,189044.80699999997,36000.0,87.52074398148146,298665.49,89599.64700000003,1362.1886082191781,13044.0,75193.45839178085,0,3,4.0,1.2,budget_36000_lead_3_safety_4
cross_store,1800,42,89992.0,85518.0,4474.0,95.02844697306428,1955,6.1654419880790945,10.120489417989418,14115.0,76972.0,187872.64299999998,36000.0,86.97807546296295,298351.0,89505.30000000002,1335.7439698630137,12846.0,75323.556030137,0,3,4.0,1.2,budget_36000_lead_3_safety_4
full,1800,42,89992.0,85727.0,4265.0,95.26068983909681,1880,5.92891608060803,10.361891534391534,14671.0,77737.0,189481.19400000002,36000.0,87.72277500000001,298844.20999999996,89653.26300000002,1359.1756212328764,12910.0,75384.08737876714,0,3,4.0,1.2,budget_36000_lead_3_safety_4
lightgbm,1800,42,89992.0,82044.0,7948.0,91.16810383145169,3523,11.110410293607494,7.494206349206349,14316.0,73699.0,177875.635,36000.0,82.34983101851851,285301.87,85590.56100000002,987.719259589041,14034.0,70568.84174041098,0,5,0.0,1.2,budget_36000_lead_5_safety_0
node_only,1800,42,89992.0,80784.0,9208.0,89.76797937594453,3911,12.334037654924469,7.045171957671958,13405.0,71528.0,173329.898,36000.0,80.24532314814813,281615.19,84484.55700000002,942.579462328767,13880.0,69661.97753767125,0,5,0.0,1.2,budget_36000_lead_5_safety_0
cross_store,1800,42,89992.0,80422.0,9570.0,89.36572139745755,3963,12.498028950771074,6.886084656084656,13271.0,71032.0,172505.515,36000.0,79.86366435185185,280649.86,84194.95800000001,927.0973369863013,14006.0,69261.86066301371,0,5,0.0,1.2,budget_36000_lead_5_safety_0
full,1800,42,89992.0,80778.0,9214.0,89.7613121166326,3895,12.283578794663976,7.038730158730159,13492.0,71609.0,173345.33299999998,36000.0,80.25246898148147,281395.56,84418.668,941.1575369863014,13962.0,69515.5104630137,0,5,0.0,1.2,budget_36000_lead_5_safety_0
lightgbm,1800,42,89992.0,84323.0,5669.0,93.70055116010312,2631,8.29732883408496,9.18165343915344,16916.0,78578.0,190813.39899999998,36000.0,88.33953657407406,293405.45999999996,88021.638,1201.7808801369863,13094.0,73725.85711986302,0,5,2.0,1.2,budget_36000_lead_5_safety_2
node_only,1800,42,89992.0,83638.0,6354.0,92.93937238865676,2826,8.912296193509729,8.647486772486772,15955.0,76932.0,187120.46499999997,36000.0,86.62984490740739,290996.5,87298.95000000001,1145.437290410959,13350.0,72803.51270958905,0,5,2.0,1.2,budget_36000_lead_5_safety_2
cross_store,1800,42,89992.0,83245.0,6747.0,92.50266690372477,2973,9.375886972153017,8.404087301587301,15636.0,76220.0,185891.979,36000.0,86.06110138888889,290296.28,87088.88400000002,1122.1538424657533,13072.0,72894.73015753427,0,5,2.0,1.2,budget_36000_lead_5_safety_2
full,1800,42,89992.0,83653.0,6339.0,92.95604053693661,2840,8.956447696237662,8.627552910052911,16254.0,77246.0,187570.117,36000.0,86.83801712962962,290936.29000000004,87280.88700000002,1143.368152739726,13248.0,72889.51884726029,0,5,2.0,1.2,budget_36000_lead_5_safety_2
lightgbm,1800,42,89992.0,85913.0,4079.0,95.46737487776691,1886,5.947838153205715,11.071335978835979,20039.0,83291.0,202759.58500000002,36000.0,93.87017824074076,298947.93,89684.37900000002,1438.1061445205478,13070.0,75176.27285547947,0,5,4.0,1.2,budget_36000_lead_5_safety_4
node_only,1800,42,89992.0,85294.0,4698.0,94.7795359587519,2099,6.619571730423539,10.420291005291006,18904.0,81537.0,198582.20899999997,36000.0,91.93620787037037,296739.20999999996,89021.763,1367.47721369863,13252.0,74402.28578630138,0,5,4.0,1.2,budget_36000_lead_5_safety_4
cross_store,1800,42,89992.0,85165.0,4827.0,94.6361898835452,2142,6.755179917373616,10.147738095238095,18417.0,80921.0,197549.23299999998,36000.0,91.45797824074073,296591.52,88977.456,1341.6686931506847,13098.0,74537.78730684932,0,5,4.0,1.2,budget_36000_lead_5_safety_4
full,1800,42,89992.0,85246.0,4746.0,94.72619788425638,2118,6.679491626982876,10.353783068783068,18957.0,81542.0,198883.83899999998,36000.0,92.07585138888888,296620.12,88986.03600000002,1360.9893356164382,12968.0,74657.04666438358,0,5,4.0,1.2,budget_36000_lead_5_safety_4
lightgbm,1800,42,89992.0,65848.0,24144.0,73.17094852875812,10869,34.27733451070674,5.373558201058201,2604.0,45791.0,122729.24299999999,25000.0,81.81949533333332,246363.69,73909.107,760.0445616438356,5928.0,67221.06243835617,0,1,0.0,1.2,budget_25000_lead_1_safety_0
node_only,1800,42,89992.0,65362.0,24630.0,72.63090052449107,10877,34.30256394083699,5.15563492063492,2394.0,45095.0,121430.97399999999,25000.0,80.95398266666666,245324.77,73597.43100000001,738.3147780821918,5922.0,66937.11622191782,0,1,0.0,1.2,budget_25000_lead_1_safety_0
cross_store,1800,42,89992.0,65004.0,24988.0,72.23308738554539,10880,34.31202497713583,5.043161375661375,2264.0,44607.0,120513.862,25000.0,80.34257466666666,244404.75999999998,73321.42800000001,727.4647061643835,6004.0,66589.96329383564,0,1,0.0,1.2,budget_25000_lead_1_safety_0
full,1800,42,89992.0,64970.0,25022.0,72.1953062494444,10941,34.50439938187896,5.111560846560846,2414.0,44723.0,120789.739,25000.0,80.52649266666667,244575.18999999997,73372.55700000002,732.8690034246574,5906.0,66733.68799657536,0,1,0.0,1.2,budget_25000_lead_1_safety_0
lightgbm,1800,42,89992.0,66402.0,23590.0,73.78655880522713,10830,34.154341038821784,6.4425,4252.0,47993.0,130067.308,25000.0,86.71153866666667,249825.33000000002,74947.599,913.4721006849315,5208.0,68826.12689931507,0,1,2.0,1.2,budget_25000_lead_1_safety_2
node_only,1800,42,89992.0,66208.0,23784.0,73.57098408747444,10730,33.838973162193696,6.195899470899471,3835.0,47382.0,129125.367,25000.0,86.08357799999999,249707.02000000002,74912.10600000001,888.5223075342465,5398.0,68625.58369246576,0,1,2.0,1.2,budget_25000_lead_1_safety_2
cross_store,1800,42,89992.0,66113.0,23879.0,73.46541914836874,10696,33.73174808414015,6.0753439153439155,3643.0,47095.0,128797.186,25000.0,85.86479066666666,249690.83000000002,74907.24900000001,875.7041999999999,5784.0,68247.54480000002,0,1,2.0,1.2,budget_25000_lead_1_safety_2
full,1800,42,89992.0,66069.0,23923.0,73.41652591341453,10682,33.687596581412215,6.20207671957672,3826.0,47234.0,128994.159,25000.0,85.996106,249413.27999999997,74823.98400000001,886.5504267123288,5684.0,68253.43357328768,0,1,2.0,1.2,budget_25000_lead_1_safety_2
lightgbm,1800,42,89992.0,66881.0,23111.0,74.31882834029692,10518,33.170393263742156,7.5548941798941796,5606.0,49826.0,136351.838,25000.0,90.90122533333333,251832.06,75549.61800000002,1074.8366952054794,5010.0,69464.78130479454,0,1,4.0,1.2,budget_25000_lead_1_safety_4
node_only,1800,42,89992.0,66580.0,23412.0,73.98435416481465,10582,33.37222870478413,7.218769841269841,5117.0,49036.0,135025.618,25000.0,90.01707866666666,251374.86,75412.45800000001,1038.9304924657533,5016.0,69357.52750753427,0,1,4.0,1.2,budget_25000_lead_1_safety_4
cross_store,1800,42,89992.0,66597.0,23395.0,74.00324473286514,10338,32.6027310858116,7.1096031746031745,4854.0,48790.0,134738.555,25000.0,89.82570333333334,251998.69,75599.60700000002,1022.4154787671232,5342.0,69235.19152123289,0,1,4.0,1.2,budget_25000_lead_1_safety_4
full,1800,42,89992.0,66527.0,23465.0,73.92546004089252,10422,32.867640102179195,7.208888888888889,5083.0,48949.0,134965.978,25000.0,89.97731866666668,251356.56999999998,75406.971,1035.08046369863,5172.0,69199.89053630138,0,1,4.0,1.2,budget_25000_lead_1_safety_4
lightgbm,1800,42,89992.0,65590.0,24402.0,72.88425637834474,11020,34.75354000441515,5.670753968253968,5385.0,48314.0,130067.021,25000.0,86.71134733333334,245669.24999999997,73700.77500000002,805.1752828767123,5420.0,67475.59971712332,0,3,0.0,1.2,budget_25000_lead_3_safety_0
node_only,1800,42,89992.0,65553.0,24439.0,72.84314161258779,10839,34.18272414771831,5.484907407407407,4970.0,47862.0,129125.34599999999,25000.0,86.083564,245461.79,73638.53700000001,784.2111938356164,5642.0,67212.3258061644,0,3,0.0,1.2,budget_25000_lead_3_safety_0
cross_store,1800,42,89992.0,65570.0,24422.0,72.86203218063828,10709,33.772745908101804,5.404775132275132,4812.0,47721.0,128783.36099999999,25000.0,85.855574,245039.10999999996,73511.73300000001,777.3203315068492,6130.0,66604.41266849315,0,3,0.0,1.2,budget_25000_lead_3_safety_0
full,1800,42,89992.0,65652.0,24340.0,72.95315139123478,10734,33.85158787725882,5.498412698412698,4996.0,47987.0,128994.00499999999,25000.0,85.99600333333332,245170.56,73551.168,783.3140431506849,5892.0,66875.85395684931,0,3,0.0,1.2,budget_25000_lead_3_safety_0
lightgbm,1800,42,89992.0,66002.0,23990.0,73.34207485109788,10995,34.67469803525813,6.7049470899470895,6996.0,50337.0,136351.418,25000.0,90.90094533333334,247359.2,74207.76000000001,954.5453726027396,5036.0,68217.21462739728,0,3,2.0,1.2,budget_25000_lead_3_safety_2
node_only,1800,42,89992.0,65624.0,24368.0,72.92203751444573,10922,34.444479485319626,6.398452380952381,6437.0,49400.0,135025.90499999997,25000.0,90.01726999999998,247072.35,74121.70500000002,924.1068890410958,5070.0,68127.59811095892,0,3,2.0,1.2,budget_25000_lead_3_safety_2
cross_store,1800,42,89992.0,65420.0,24572.0,72.69535069783981,10815,34.107035857327574,6.264219576719577,6094.0,48853.0,134738.56199999998,25000.0,89.82570799999998,247278.12,74183.43600000002,908.9208109589041,5228.0,68046.5151890411,0,3,2.0,1.2,budget_25000_lead_3_safety_2
full,1800,42,89992.0,65573.0,24419.0,72.86536581029425,10895,34.359330158630044,6.387791005291005,6385.0,49297.0,134965.733,25000.0,89.97715533333334,246922.11000000002,74076.63300000002,920.7492671232876,5146.0,68009.88373287673,0,3,2.0,1.2,budget_25000_lead_3_safety_2
lightgbm,1800,42,89992.0,68043.0,21949.0,75.6100542270424,9980,31.47371408748305,7.9545634920634924,8378.0,53760.0,144493.706,25000.0,96.32913733333335,252457.03999999998,75737.11200000002,1117.3187219178083,5118.0,69501.79327808222,0,3,4.0,1.2,budget_25000_lead_3_safety_4
node_only,1800,42,89992.0,67197.0,22795.0,74.66997066405902,10172,32.079220410608976,7.561150793650794,7759.0,52295.0,142538.10199999998,25000.0,95.02540133333333,251258.88,75377.66400000002,1078.8481075342465,5044.0,69254.81589246578,0,3,4.0,1.2,budget_25000_lead_3_safety_4
cross_store,1800,42,89992.0,67322.0,22670.0,74.80887189972442,9937,31.338105900532973,7.457063492063492,7666.0,52327.0,142533.21600000001,25000.0,95.02214400000001,251829.33000000002,75548.79900000001,1065.490079452055,5372.0,69111.30892054796,0,3,4.0,1.2,budget_25000_lead_3_safety_4
full,1800,42,89992.0,67146.0,22846.0,74.61329895990755,10098,31.84584818190419,7.544193121693121,7731.0,52216.0,142545.235,25000.0,95.03015666666666,251409.44999999998,75422.83500000002,1075.1257376712329,5170.0,69177.70926232879,0,3,4.0,1.2,budget_25000_lead_3_safety_4
lightgbm,1800,42,89992.0,64874.0,25118.0,72.08863010045337,11373,35.866788608912294,5.8394047619047615,8213.0,50426.0,136351.523,25000.0,90.90101533333332,242357.91999999998,72707.37600000002,827.6111315068492,5228.0,66651.76486849316,0,5,0.0,1.2,budget_25000_lead_5_safety_0
node_only,1800,42,89992.0,64765.0,25227.0,71.96750822295316,11252,35.485193478192315,5.611097883597884,7896.0,50000.0,135025.35199999998,25000.0,90.01690133333332,241953.72999999998,72586.119,804.3544993150684,5344.0,66437.76450068493,0,5,0.0,1.2,budget_25000_lead_5_safety_0
cross_store,1800,42,89992.0,64801.0,25191.0,72.00751177882478,11066,34.89860922766407,5.499444444444444,7488.0,49628.0,134738.604,25000.0,89.82573599999999,242206.53999999998,72661.96200000001,791.5695746575343,5528.0,66342.39242534248,0,5,0.0,1.2,budget_25000_lead_5_safety_0
full,1800,42,89992.0,64764.0,25228.0,71.96639701306783,11173,35.236052855656126,5.611375661375662,7912.0,50015.0,134965.516,25000.0,89.97701066666666,242026.96999999997,72608.09100000001,800.1701054794521,5432.0,66375.92089452056,0,5,0.0,1.2,budget_25000_lead_5_safety_0
lightgbm,1800,42,89992.0,66225.0,23767.0,73.58987465552494,10765,33.94935191901353,6.931587301587301,9568.0,53132.0,144493.678,25000.0,96.32911866666667,246934.53,74080.359,978.2481061643836,5130.0,67972.11089383562,0,5,2.0,1.2,budget_25000_lead_5_safety_2
node_only,1800,42,89992.0,66118.0,23874.0,73.47097519779535,10767,33.95565927654609,6.622685185185185,9016.0,52473.0,142538.354,25000.0,95.02556933333332,246491.58000000002,73947.47400000002,942.4592780821918,5112.0,67893.01472191782,0,5,2.0,1.2,budget_25000_lead_5_safety_2
cross_store,1800,42,89992.0,66212.0,23780.0,73.57542892701574,10582,33.37222870478413,6.517526455026455,8987.0,52538.0,142533.44,25000.0,95.02229333333334,247093.43999999997,74128.032,930.719405479452,5362.0,67835.31259452055,0,5,2.0,1.2,budget_25000_lead_5_safety_2
full,1800,42,89992.0,65843.0,24149.0,73.1653924793315,10705,33.76013119303668,6.601216931216931,9098.0,52280.0,142545.452,25000.0,95.03030133333333,246361.43,73908.429,938.6062575342464,5180.0,67789.82274246575,0,5,2.0,1.2,budget_25000_lead_5_safety_2
lightgbm,1800,42,89992.0,66827.0,23165.0,74.25882300648946,10567,33.32492352328992,7.856216931216931,11334.0,55500.0,149999.115,25000.0,99.99941,248109.7,74432.91,1106.0647404109588,4048.0,69278.84525958904,0,5,4.0,1.2,budget_25000_lead_5_safety_4
node_only,1800,42,89992.0,67625.0,22367.0,75.14556849497733,10104,31.864770254501877,7.699391534391534,10600.0,55564.0,149998.87699999998,25000.0,99.99925133333332,250366.39,75109.91700000002,1087.047615068493,4746.0,69276.86938493152,0,5,4.0,1.2,budget_25000_lead_5_safety_4
cross_store,1800,42,89992.0,67918.0,22074.0,75.47115299137701,9839,31.029045381437445,7.581084656084656,10453.0,55710.0,149999.346,25000.0,99.99956399999999,251297.89,75389.36700000003,1074.0229787671233,5040.0,69275.3440212329,0,5,4.0,1.2,budget_25000_lead_5_safety_4
full,1800,42,89992.0,67341.0,22651.0,74.82998488754556,9982,31.48002144501561,7.661574074074074,11024.0,55704.0,149999.02399999998,25000.0,99.99934933333333,250674.17,75202.25100000002,1084.3136452054794,4872.0,69245.93735479454,0,5,4.0,1.2,budget_25000_lead_5_safety_4
