scenario,cat_id,model,forecast_result,inventory_result,sku_store_nodes,total_unmet_reduction_units
inventory_budget_25000,FOODS,cross_store,Higher MAE,Fewer unmet units,89,476.0
inventory_budget_25000,FOODS,cross_store,Higher MAE,More unmet units,97,-700.0
inventory_budget_25000,FOODS,cross_store,Higher MAE,Same unmet units,102,0.0
inventory_budget_25000,FOODS,cross_store,Lower MAE,Fewer unmet units,72,653.0
inventory_budget_25000,FOODS,cross_store,Lower MAE,More unmet units,106,-630.0
inventory_budget_25000,FOODS,cross_store,Lower MAE,Same unmet units,134,0.0
inventory_budget_25000,FOODS,full,Higher MAE,Fewer unmet units,100,622.0
inventory_budget_25000,FOODS,full,Higher MAE,More unmet units,95,-688.0
inventory_budget_25000,FOODS,full,Higher MAE,Same unmet units,110,0.0
inventory_budget_25000,FOODS,full,Lower MAE,Fewer unmet units,78,511.0
inventory_budget_25000,FOODS,full,Lower MAE,More unmet units,103,-514.0
inventory_budget_25000,FOODS,full,Lower MAE,Same unmet units,114,0.0
inventory_budget_25000,FOODS,node_only,Higher MAE,Fewer unmet units,81,434.0
inventory_budget_25000,FOODS,node_only,Higher MAE,More unmet units,91,-632.0
inventory_budget_25000,FOODS,node_only,Higher MAE,Same unmet units,98,0.0
inventory_budget_25000,FOODS,node_only,Lower MAE,Fewer unmet units,70,501.0
inventory_budget_25000,FOODS,node_only,Lower MAE,More unmet units,112,-460.0
inventory_budget_25000,FOODS,node_only,Lower MAE,Same unmet units,148,0.0
inventory_budget_25000,FOODS,seasonal_naive,Higher MAE,Fewer unmet units,168,1019.0
inventory_budget_25000,FOODS,seasonal_naive,Higher MAE,More unmet units,179,-2246.0
inventory_budget_25000,FOODS,seasonal_naive,Higher MAE,Same unmet units,90,0.0
inventory_budget_25000,FOODS,seasonal_naive,Lower MAE,Fewer unmet units,31,156.0
inventory_budget_25000,FOODS,seasonal_naive,Lower MAE,More unmet units,67,-785.0
inventory_budget_25000,FOODS,seasonal_naive,Lower MAE,Same unmet units,65,0.0
inventory_budget_25000,HOBBIES,cross_store,Higher MAE,Fewer unmet units,47,327.0
inventory_budget_25000,HOBBIES,cross_store,Higher MAE,More unmet units,52,-349.0
inventory_budget_25000,HOBBIES,cross_store,Higher MAE,Same unmet units,177,0.0
inventory_budget_25000,HOBBIES,cross_store,Lower MAE,Fewer unmet units,47,144.0
inventory_budget_25000,HOBBIES,cross_store,Lower MAE,More unmet units,67,-319.0
inventory_budget_25000,HOBBIES,cross_store,Lower MAE,Same unmet units,210,0.0
inventory_budget_25000,HOBBIES,full,Higher MAE,Fewer unmet units,43,263.0
inventory_budget_25000,HOBBIES,full,Higher MAE,More unmet units,57,-245.0
inventory_budget_25000,HOBBIES,full,Higher MAE,Same unmet units,197,0.0
inventory_budget_25000,HOBBIES,full,Lower MAE,Fewer unmet units,30,116.0
inventory_budget_25000,HOBBIES,full,Lower MAE,More unmet units,78,-340.0
inventory_budget_25000,HOBBIES,full,Lower MAE,Same unmet units,195,0.0
inventory_budget_25000,HOBBIES,node_only,Higher MAE,Fewer unmet units,35,287.0
inventory_budget_25000,HOBBIES,node_only,Higher MAE,More unmet units,58,-304.0
inventory_budget_25000,HOBBIES,node_only,Higher MAE,Same unmet units,159,0.0
inventory_budget_25000,HOBBIES,node_only,Lower MAE,Fewer unmet units,36,117.0
inventory_budget_25000,HOBBIES,node_only,Lower MAE,More unmet units,75,-279.0
inventory_budget_25000,HOBBIES,node_only,Lower MAE,Same unmet units,237,0.0
inventory_budget_25000,HOBBIES,seasonal_naive,Higher MAE,Fewer unmet units,121,625.0
inventory_budget_25000,HOBBIES,seasonal_naive,Higher MAE,More unmet units,113,-1180.0
inventory_budget_25000,HOBBIES,seasonal_naive,Higher MAE,Same unmet units,192,0.0
inventory_budget_25000,HOBBIES,seasonal_naive,Lower MAE,Fewer unmet units,23,172.0
inventory_budget_25000,HOBBIES,seasonal_naive,Lower MAE,More unmet units,40,-308.0
inventory_budget_25000,HOBBIES,seasonal_naive,Lower MAE,Same unmet units,110,0.0
inventory_budget_25000,HOBBIES,seasonal_naive,Unchanged MAE,Same unmet units,1,0.0
inventory_budget_25000,HOUSEHOLD,cross_store,Higher MAE,Fewer unmet units,64,318.0
inventory_budget_25000,HOUSEHOLD,cross_store,Higher MAE,More unmet units,65,-293.0
inventory_budget_25000,HOUSEHOLD,cross_store,Higher MAE,Same unmet units,148,0.0
inventory_budget_25000,HOUSEHOLD,cross_store,Lower MAE,Fewer unmet units,57,246.0
inventory_budget_25000,HOUSEHOLD,cross_store,Lower MAE,More unmet units,92,-455.0
inventory_budget_25000,HOUSEHOLD,cross_store,Lower MAE,Same unmet units,174,0.0
inventory_budget_25000,HOUSEHOLD,full,Higher MAE,Fewer unmet units,63,235.0
inventory_budget_25000,HOUSEHOLD,full,Higher MAE,More unmet units,68,-338.0
inventory_budget_25000,HOUSEHOLD,full,Higher MAE,Same unmet units,164,0.0
inventory_budget_25000,HOUSEHOLD,full,Lower MAE,Fewer unmet units,60,258.0
inventory_budget_25000,HOUSEHOLD,full,Lower MAE,More unmet units,82,-309.0
inventory_budget_25000,HOUSEHOLD,full,Lower MAE,Same unmet units,163,0.0
inventory_budget_25000,HOUSEHOLD,node_only,Higher MAE,Fewer unmet units,56,251.0
inventory_budget_25000,HOUSEHOLD,node_only,Higher MAE,More unmet units,73,-293.0
inventory_budget_25000,HOUSEHOLD,node_only,Higher MAE,Same unmet units,130,0.0
inventory_budget_25000,HOUSEHOLD,node_only,Lower MAE,Fewer unmet units,64,309.0
inventory_budget_25000,HOUSEHOLD,node_only,Lower MAE,More unmet units,86,-309.0
inventory_budget_25000,HOUSEHOLD,node_only,Lower MAE,Same unmet units,191,0.0
inventory_budget_25000,HOUSEHOLD,seasonal_naive,Higher MAE,Fewer unmet units,150,671.0
inventory_budget_25000,HOUSEHOLD,seasonal_naive,Higher MAE,More unmet units,153,-1439.0
inventory_budget_25000,HOUSEHOLD,seasonal_naive,Higher MAE,Same unmet units,147,0.0
inventory_budget_25000,HOUSEHOLD,seasonal_naive,Lower MAE,Fewer unmet units,31,143.0
inventory_budget_25000,HOUSEHOLD,seasonal_naive,Lower MAE,More unmet units,47,-443.0
inventory_budget_25000,HOUSEHOLD,seasonal_naive,Lower MAE,Same unmet units,72,0.0
inventory_budget_36000,FOODS,cross_store,Higher MAE,Fewer unmet units,57,103.0
inventory_budget_36000,FOODS,cross_store,Higher MAE,More unmet units,107,-410.0
inventory_budget_36000,FOODS,cross_store,Higher MAE,Same unmet units,124,0.0
inventory_budget_36000,FOODS,cross_store,Lower MAE,Fewer unmet units,62,144.0
inventory_budget_36000,FOODS,cross_store,Lower MAE,More unmet units,82,-276.0
inventory_budget_36000,FOODS,cross_store,Lower MAE,Same unmet units,168,0.0
inventory_budget_36000,FOODS,full,Higher MAE,Fewer unmet units,70,174.0
inventory_budget_36000,FOODS,full,Higher MAE,More unmet units,103,-444.0
inventory_budget_36000,FOODS,full,Higher MAE,Same unmet units,132,0.0
inventory_budget_36000,FOODS,full,Lower MAE,Fewer unmet units,76,228.0
inventory_budget_36000,FOODS,full,Lower MAE,More unmet units,61,-224.0
inventory_budget_36000,FOODS,full,Lower MAE,Same unmet units,158,0.0
inventory_budget_36000,FOODS,node_only,Higher MAE,Fewer unmet units,47,109.0
inventory_budget_36000,FOODS,node_only,Higher MAE,More unmet units,91,-391.0
inventory_budget_36000,FOODS,node_only,Higher MAE,Same unmet units,132,0.0
inventory_budget_36000,FOODS,node_only,Lower MAE,Fewer unmet units,68,162.0
inventory_budget_36000,FOODS,node_only,Lower MAE,More unmet units,76,-257.0
inventory_budget_36000,FOODS,node_only,Lower MAE,Same unmet units,186,0.0
inventory_budget_36000,FOODS,seasonal_naive,Higher MAE,Fewer unmet units,97,340.0
inventory_budget_36000,FOODS,seasonal_naive,Higher MAE,More unmet units,209,-1042.0
inventory_budget_36000,FOODS,seasonal_naive,Higher MAE,Same unmet units,131,0.0
inventory_budget_36000,FOODS,seasonal_naive,Lower MAE,Fewer unmet units,33,107.0
inventory_budget_36000,FOODS,seasonal_naive,Lower MAE,More unmet units,69,-291.0
inventory_budget_36000,FOODS,seasonal_naive,Lower MAE,Same unmet units,61,0.0
inventory_budget_36000,HOBBIES,cross_store,Higher MAE,Fewer unmet units,48,82.0
inventory_budget_36000,HOBBIES,cross_store,Higher MAE,More unmet units,77,-242.0
inventory_budget_36000,HOBBIES,cross_store,Higher MAE,Same unmet units,151,0.0
inventory_budget_36000,HOBBIES,cross_store,Lower MAE,Fewer unmet units,57,101.0
inventory_budget_36000,HOBBIES,cross_store,Lower MAE,More unmet units,66,-145.0
inventory_budget_36000,HOBBIES,cross_store,Lower MAE,Same unmet units,201,0.0
inventory_budget_36000,HOBBIES,full,Higher MAE,Fewer unmet units,48,93.0
inventory_budget_36000,HOBBIES,full,Higher MAE,More unmet units,87,-245.0
inventory_budget_36000,HOBBIES,full,Higher MAE,Same unmet units,162,0.0
inventory_budget_36000,HOBBIES,full,Lower MAE,Fewer unmet units,58,130.0
inventory_budget_36000,HOBBIES,full,Lower MAE,More unmet units,60,-159.0
inventory_budget_36000,HOBBIES,full,Lower MAE,Same unmet units,185,0.0
inventory_budget_36000,HOBBIES,node_only,Higher MAE,Fewer unmet units,40,64.0
inventory_budget_36000,HOBBIES,node_only,Higher MAE,More unmet units,80,-235.0
inventory_budget_36000,HOBBIES,node_only,Higher MAE,Same unmet units,132,0.0
inventory_budget_36000,HOBBIES,node_only,Lower MAE,Fewer unmet units,59,125.0
inventory_budget_36000,HOBBIES,node_only,Lower MAE,More unmet units,68,-135.0
inventory_budget_36000,HOBBIES,node_only,Lower MAE,Same unmet units,221,0.0
inventory_budget_36000,HOBBIES,seasonal_naive,Higher MAE,Fewer unmet units,105,278.0
inventory_budget_36000,HOBBIES,seasonal_naive,Higher MAE,More unmet units,136,-716.0
inventory_budget_36000,HOBBIES,seasonal_naive,Higher MAE,Same unmet units,185,0.0
inventory_budget_36000,HOBBIES,seasonal_naive,Lower MAE,Fewer unmet units,28,48.0
inventory_budget_36000,HOBBIES,seasonal_naive,Lower MAE,More unmet units,42,-183.0
inventory_budget_36000,HOBBIES,seasonal_naive,Lower MAE,Same unmet units,103,0.0
inventory_budget_36000,HOBBIES,seasonal_naive,Unchanged MAE,Same unmet units,1,0.0
inventory_budget_36000,HOUSEHOLD,cross_store,Higher MAE,Fewer unmet units,38,47.0
inventory_budget_36000,HOUSEHOLD,cross_store,Higher MAE,More unmet units,92,-241.0
inventory_budget_36000,HOUSEHOLD,cross_store,Higher MAE,Same unmet units,147,0.0
inventory_budget_36000,HOUSEHOLD,cross_store,Lower MAE,Fewer unmet units,52,78.0
inventory_budget_36000,HOUSEHOLD,cross_store,Lower MAE,More unmet units,71,-200.0
inventory_budget_36000,HOUSEHOLD,cross_store,Lower MAE,Same unmet units,200,0.0
inventory_budget_36000,HOUSEHOLD,full,Higher MAE,Fewer unmet units,48,66.0
inventory_budget_36000,HOUSEHOLD,full,Higher MAE,More unmet units,100,-244.0
inventory_budget_36000,HOUSEHOLD,full,Higher MAE,Same unmet units,147,0.0
inventory_budget_36000,HOUSEHOLD,full,Lower MAE,Fewer unmet units,55,94.0
inventory_budget_36000,HOUSEHOLD,full,Lower MAE,More unmet units,63,-130.0
inventory_budget_36000,HOUSEHOLD,full,Lower MAE,Same unmet units,187,0.0
inventory_budget_36000,HOUSEHOLD,node_only,Higher MAE,Fewer unmet units,45,75.0
inventory_budget_36000,HOUSEHOLD,node_only,Higher MAE,More unmet units,81,-188.0
inventory_budget_36000,HOUSEHOLD,node_only,Higher MAE,Same unmet units,133,0.0
inventory_budget_36000,HOUSEHOLD,node_only,Lower MAE,Fewer unmet units,54,99.0
inventory_budget_36000,HOUSEHOLD,node_only,Lower MAE,More unmet units,71,-137.0
inventory_budget_36000,HOUSEHOLD,node_only,Lower MAE,Same unmet units,216,0.0
inventory_budget_36000,HOUSEHOLD,seasonal_naive,Higher MAE,Fewer unmet units,86,207.0
inventory_budget_36000,HOUSEHOLD,seasonal_naive,Higher MAE,More unmet units,192,-698.0
inventory_budget_36000,HOUSEHOLD,seasonal_naive,Higher MAE,Same unmet units,172,0.0
inventory_budget_36000,HOUSEHOLD,seasonal_naive,Lower MAE,Fewer unmet units,20,60.0
inventory_budget_36000,HOUSEHOLD,seasonal_naive,Lower MAE,More unmet units,53,-200.0
inventory_budget_36000,HOUSEHOLD,seasonal_naive,Lower MAE,Same unmet units,77,0.0
