scenario,model,week,replenishment_spend,weekly_budget,remaining_budget,budget_binding
inventory_budget_36000,cross_store,1,9739.401,36000.0,26260.599000000002,False
inventory_budget_36000,cross_store,2,27935.222,36000.0,8064.777999999998,False
inventory_budget_36000,cross_store,3,33213.474,36000.0,2786.525999999998,False
inventory_budget_36000,cross_store,4,33693.338,36000.0,2306.6619999999966,False
inventory_budget_36000,cross_store,5,35999.964,36000.0,0.03600000000005821,True
inventory_budget_36000,cross_store,6,35999.789,36000.0,0.2110000000029686,True
inventory_budget_36000,full,1,9966.474,36000.0,26033.525999999998,False
inventory_budget_36000,full,2,28223.762,36000.0,7776.238000000001,False
inventory_budget_36000,full,3,32921.168,36000.0,3078.832000000002,False
inventory_budget_36000,full,4,34673.331,36000.0,1326.6690000000017,False
inventory_budget_36000,full,5,35999.985,36000.0,0.014999999999417923,True
inventory_budget_36000,full,6,35999.908,36000.0,0.091999999996915,True
inventory_budget_36000,lightgbm,1,11352.341,36000.0,24647.659,False
inventory_budget_36000,lightgbm,2,29977.752,36000.0,6022.248,False
inventory_budget_36000,lightgbm,3,33559.596,36000.0,2440.4040000000023,False
inventory_budget_36000,lightgbm,4,33764.723999999995,36000.0,2235.2760000000053,False
inventory_budget_36000,lightgbm,5,35999.725999999995,36000.0,0.27400000000488944,True
inventory_budget_36000,lightgbm,6,35999.803,36000.0,0.19700000000011642,True
inventory_budget_36000,node_only,1,10026.275,36000.0,25973.725,False
inventory_budget_36000,node_only,2,29186.094,36000.0,6813.905999999999,False
inventory_budget_36000,node_only,3,32906.517,36000.0,3093.483,False
inventory_budget_36000,node_only,4,33358.927,36000.0,2641.0729999999967,False
inventory_budget_36000,node_only,5,35999.971,36000.0,0.0290000000022701,True
inventory_budget_36000,node_only,6,35999.971,36000.0,0.0290000000022701,True
inventory_budget_36000,seasonal_naive,1,11617.207,36000.0,24382.792999999998,False
inventory_budget_36000,seasonal_naive,2,32183.921,36000.0,3816.0790000000015,False
inventory_budget_36000,seasonal_naive,3,34435.1,36000.0,1564.9000000000015,False
inventory_budget_36000,seasonal_naive,4,34389.39,36000.0,1610.6100000000006,False
inventory_budget_36000,seasonal_naive,5,35999.922,36000.0,0.07800000000133878,True
inventory_budget_36000,seasonal_naive,6,35999.964,36000.0,0.03600000000005821,True
inventory_budget_25000,cross_store,1,9739.401,25000.0,15260.599,False
inventory_budget_25000,cross_store,2,24999.912,25000.0,0.08799999999973807,True
inventory_budget_25000,cross_store,3,24999.8,25000.0,0.2000000000007276,True
inventory_budget_25000,cross_store,4,24999.807,25000.0,0.1929999999993015,True
inventory_budget_25000,cross_store,5,24999.737,25000.0,0.26299999999901047,True
inventory_budget_25000,cross_store,6,24999.905,25000.0,0.09500000000116415,True
inventory_budget_25000,full,1,9966.474,25000.0,15033.526,False
inventory_budget_25000,full,2,24999.779,25000.0,0.22100000000136788,True
inventory_budget_25000,full,3,24999.898,25000.0,0.10199999999895226,True
inventory_budget_25000,full,4,24999.723,25000.0,0.27699999999822467,True
inventory_budget_25000,full,5,24999.926,25000.0,0.07400000000052387,True
inventory_budget_25000,full,6,24999.933,25000.0,0.06699999999909778,True
inventory_budget_25000,lightgbm,1,11352.341,25000.0,13647.659,False
inventory_budget_25000,lightgbm,2,24999.884,25000.0,0.11600000000180444,True
inventory_budget_25000,lightgbm,3,24999.765,25000.0,0.23500000000058208,True
inventory_budget_25000,lightgbm,4,24999.807,25000.0,0.1929999999993015,True
inventory_budget_25000,lightgbm,5,24999.849,25000.0,0.15100000000165892,True
inventory_budget_25000,lightgbm,6,24999.772,25000.0,0.227999999999156,True
inventory_budget_25000,node_only,1,10026.275,25000.0,14973.725,False
inventory_budget_25000,node_only,2,24999.8,25000.0,0.2000000000007276,True
inventory_budget_25000,node_only,3,24999.989,25000.0,0.010999999998603016,True
inventory_budget_25000,node_only,4,24999.912,25000.0,0.08799999999973807,True
inventory_budget_25000,node_only,5,24999.996,25000.0,0.004000000000814907,True
inventory_budget_25000,node_only,6,24999.933,25000.0,0.06699999999909778,True
inventory_budget_25000,seasonal_naive,1,11617.207,25000.0,13382.793,False
inventory_budget_25000,seasonal_naive,2,24999.968,25000.0,0.0319999999992433,True
inventory_budget_25000,seasonal_naive,3,24999.884,25000.0,0.11600000000180444,True
inventory_budget_25000,seasonal_naive,4,24999.989,25000.0,0.010999999998603016,True
inventory_budget_25000,seasonal_naive,5,24999.989,25000.0,0.010999999998603016,True
inventory_budget_25000,seasonal_naive,6,24999.912,25000.0,0.08799999999973807,True
